ID,trial,phase,duration,move_sum,mpm,n_uniquePlaces,exploration,saved,SP1_found,SP2_found,SP3_found,SP4_found,sum_escapes,mean_mpm,trial_efficiency,overall_efficiency
CC_001,1,noStress,10,0,0,1,6,0,0,0,0,0,1,15.6,0,7.8
CC_001,1,stress,20,1,2.90135396518375,2,5.80270793036751,0,0,0,0,0,4,70.763013713103,2.90135396518375,14.1526027426206
CC_001,2,noStress,10,0,0,1,6,0,0,0,0,0,1,15.6,0,7.8
CC_001,2,stress,15.59,15,57.7293136626042,14,53.880692751764,1,1,0,0,0,4,70.763013713103,28.8646568313021,14.1526027426206
CC_001,3,noStress,10,11,66,12,72,1,1,0,0,0,1,15.6,33,7.8
CC_001,3,stress,20,28,83.6653386454183,28,83.6653386454183,1,1,0,0,0,4,70.763013713103,41.8326693227092,14.1526027426206
CC_001,4,noStress,10,2,12,3,18,0,0,0,0,0,1,15.6,12,7.8
CC_001,4,stress,6.13,11,107.667210440457,12,117.455138662316,1,1,0,0,0,4,70.763013713103,53.8336052202284,14.1526027426206
CC_001,5,noStress,10,0,0,1,6,0,0,0,0,0,1,15.6,0,7.8
CC_001,5,stress,6.48,11,101.851851851852,12,111.111111111111,1,1,0,0,0,4,70.763013713103,50.9259259259259,14.1526027426206
CC_002,1,noStress,10,9,54,10,60,0,0,0,0,0,0,57.6,54,57.6
CC_002,1,stress,19.89,15,45.2488687782805,16,48.2654600301659,1,0,0,0,1,2,65.1106166846028,22.6244343891403,21.7035388948676
CC_002,2,noStress,10,9,54,10,60,0,0,0,0,0,0,57.6,54,57.6
CC_002,2,stress,20,22,65.9011482775836,23,68.8966550174738,0,0,0,0,0,2,65.1106166846028,65.9011482775836,21.7035388948676
CC_002,3,noStress,10,9,54,10,60,0,0,0,0,0,0,57.6,54,57.6
CC_002,3,stress,20,24,71.3224368499257,25,74.2942050520059,0,0,0,0,0,2,65.1106166846028,71.3224368499257,21.7035388948676
CC_002,4,noStress,10,10,60,11,66,0,0,0,0,0,0,57.6,60,57.6
CC_002,4,stress,11.16,12,64.5161290322581,13,69.8924731182796,1,0,0,0,1,2,65.1106166846028,32.258064516129,21.7035388948676
CC_002,5,noStress,10,11,66,12,72,0,0,0,0,0,0,57.6,66,57.6
CC_002,5,stress,20,27,78.564500484966,28,81.474296799224,0,0,0,0,0,2,65.1106166846028,78.564500484966,21.7035388948676
CC_003,1,noStress,10,3,18,4,24,0,0,0,0,0,3,81.6,18,20.4
CC_003,1,stress,20,13,38.6712940009916,14,41.6460089241448,0,0,0,0,0,3,52.6298689470288,38.6712940009916,13.1574672367572
CC_003,2,noStress,10,12,72,12,72,1,0,1,1,0,3,81.6,36,20.4
CC_003,2,stress,2.63,1,22.8136882129278,2,45.6273764258555,1,0,1,0,0,3,52.6298689470288,11.4068441064639,13.1574672367572
CC_003,3,noStress,10,17,102,18,108,1,1,1,0,0,3,81.6,51,20.4
CC_003,3,stress,20,28,82.6771653543307,28,82.6771653543307,0,0,0,0,0,3,52.6298689470288,82.6771653543307,13.1574672367572
CC_003,4,noStress,10,15,90,16,96,1,1,1,0,0,3,81.6,45,20.4
CC_003,4,stress,4.29,2,27.972027972028,3,41.958041958042,1,0,1,1,0,3,52.6298689470288,13.986013986014,13.1574672367572
CC_003,5,noStress,10,21,126,21,126,0,0,0,0,0,3,81.6,126,20.4
CC_003,5,stress,8.57,13,91.0151691948658,14,98.0163360560093,1,0,0,0,1,3,52.6298689470288,45.5075845974329,13.1574672367572
CC_004,1,noStress,10,17,102,15,90,0,0,0,0,0,4,120,102,24
CC_004,1,stress,5.19,5,57.8034682080925,6,69.364161849711,1,0,0,0,1,5,39.3287137802063,28.9017341040462,6.55478563003439
CC_004,2,noStress,10,18,108,16,96,1,0,0,0,1,4,120,54,24
CC_004,2,stress,7.93,8,60.5296343001261,8,60.5296343001261,1,0,0,0,1,5,39.3287137802063,30.2648171500631,6.55478563003439
CC_004,3,noStress,10,23,138,21,126,1,0,0,0,1,4,120,69,24
CC_004,3,stress,2.72,1,22.0588235294118,2,44.1176470588235,1,0,0,0,1,5,39.3287137802063,11.0294117647059,6.55478563003439
CC_004,4,noStress,10,21,126,20,120,1,0,0,0,1,4,120,63,24
CC_004,4,stress,2.26,1,26.5486725663717,2,53.0973451327434,1,0,0,0,1,5,39.3287137802063,13.2743362831858,6.55478563003439
CC_004,5,noStress,10,21,126,20,120,1,0,0,0,1,4,120,63,24
CC_004,5,stress,2.02,1,29.7029702970297,2,59.4059405940594,1,0,0,0,1,5,39.3287137802063,14.8514851485149,6.55478563003439
CC_005,1,noStress,10,10,60,11,66,1,0,1,1,0,2,58.8,30,19.6
CC_005,1,stress,2.7,1,22.2222222222222,2,44.4444444444444,1,1,0,0,0,5,67.251342953737,11.1111111111111,11.2085571589562
CC_005,2,noStress,10,11,66,12,72,0,0,0,0,0,2,58.8,66,19.6
CC_005,2,stress,10.19,7,41.2168792934249,8,47.1050049067713,1,0,0,0,1,5,67.251342953737,20.6084396467125,11.2085571589562
CC_005,3,noStress,10,8,48,9,54,0,0,0,0,0,2,58.8,48,19.6
CC_005,3,stress,20,25,74.2574257425743,26,77.2277227722772,1,0,0,1,0,5,67.251342953737,37.1287128712871,11.2085571589562
CC_005,4,noStress,10,4,24,5,30,0,0,0,0,0,2,58.8,24,19.6
CC_005,4,stress,5.43,7,77.3480662983425,8,88.3977900552486,1,0,1,0,0,5,67.251342953737,38.6740331491713,11.2085571589562
CC_005,5,noStress,10,16,96,17,102,1,0,0,0,1,2,58.8,48,19.6
CC_005,5,stress,20,42,121.212121212121,43,124.098124098124,1,0,0,0,1,5,67.251342953737,60.6060606060606,11.2085571589562
CC_006,1,noStress,10,2,12,3,18,0,0,0,0,0,0,82.8,12,82.8
CC_006,1,stress,6.29,7,66.7726550079491,8,76.3116057233704,1,0,0,1,0,1,115.305880197759,33.3863275039746,57.6529400988795
CC_006,2,noStress,10,13,78,13,78,0,0,0,0,0,0,82.8,78,82.8
CC_006,2,stress,20,37,109.251968503937,32,94.4881889763779,0,0,0,0,0,1,115.305880197759,109.251968503937,57.6529400988795
CC_006,3,noStress,10,22,132,23,138,0,0,0,0,0,0,82.8,132,82.8
CC_006,3,stress,20,50,146.484375,50,146.484375,0,0,0,0,0,1,115.305880197759,146.484375,57.6529400988795
CC_006,4,noStress,10,18,108,19,114,0,0,0,0,0,0,82.8,108,82.8
CC_006,4,stress,20,38,108.882521489971,39,111.747851002865,0,0,0,0,0,1,115.305880197759,108.882521489971,57.6529400988795
CC_006,5,noStress,10,14,84,9,54,0,0,0,0,0,0,82.8,84,82.8
CC_006,5,stress,20,50,145.137880986938,51,148.040638606676,0,0,0,0,0,1,115.305880197759,145.137880986938,57.6529400988795
CC_007,1,noStress,10,7,42,8,48,0,0,0,0,0,1,52.8,42,26.4
CC_007,1,stress,15.81,20,75.9013282732448,20,75.9013282732448,1,0,0,1,0,4,73.6708184356487,37.9506641366224,14.7341636871297
CC_007,2,noStress,10,1,6,2,12,0,0,0,0,0,1,52.8,6,26.4
CC_007,2,stress,20,40,119.284294234592,41,122.266401590457,0,0,0,0,0,4,73.6708184356487,119.284294234592,14.7341636871297
CC_007,3,noStress,10,14,84,13,78,0,0,0,0,0,1,52.8,84,26.4
CC_007,3,stress,6.61,11,99.8487140695915,12,108.9258698941,1,0,1,0,0,4,73.6708184356487,49.9243570347958,14.7341636871297
CC_007,4,noStress,10,11,66,12,72,0,0,0,0,0,1,52.8,66,26.4
CC_007,4,stress,4.91,6,73.3197556008147,7,85.5397148676171,1,1,0,0,0,4,73.6708184356487,36.6598778004073,14.7341636871297
CC_007,5,noStress,10,11,66,12,72,1,1,0,0,0,1,52.8,33,26.4
CC_007,5,stress,20,0,0,1,2.9940119760479,1,1,0,0,0,4,73.6708184356487,0,14.7341636871297
CC_008,1,noStress,10,22,132,20,120,1,1,1,0,0,2,151.2,66,50.4
CC_008,1,stress,2.37,1,25.3164556962025,2,50.6329113924051,1,0,0,1,0,3,90.8190162367446,12.6582278481013,22.7047540591861
CC_008,2,noStress,10,18,108,18,108,1,0,0,0,1,2,151.2,54,50.4
CC_008,2,stress,20,32,94.0254652301665,33,96.9637610186092,0,0,0,0,0,3,90.8190162367446,94.0254652301665,22.7047540591861
CC_008,3,noStress,10,28,168,24,144,0,0,0,0,0,2,151.2,168,50.4
CC_008,3,stress,14.41,23,95.7668285912561,24,99.9306037473976,1,0,1,0,0,3,90.8190162367446,47.883414295628,22.7047540591861
CC_008,4,noStress,10,22,132,22,132,0,0,0,0,0,2,151.2,132,50.4
CC_008,4,stress,20,33,96.7269174401563,34,99.6580361504641,0,0,0,0,0,3,90.8190162367446,96.7269174401563,22.7047540591861
CC_008,5,noStress,10,36,216,37,222,0,0,0,0,0,2,151.2,216,50.4
CC_008,5,stress,7.17,17,142.259414225941,18,150.627615062761,1,0,1,0,0,3,90.8190162367446,71.1297071129707,22.7047540591861
CC_009,1,noStress,10,38,228,38,228,0,0,0,0,0,2,97.2,228,32.4
CC_009,1,stress,20,32,93.4761441090555,33,96.3972736124635,0,0,0,0,0,3,84.9681505077427,93.4761441090555,21.2420376269357
CC_009,2,noStress,10,15,90,15,90,0,0,0,0,0,2,97.2,90,32.4
CC_009,2,stress,20,29,84.1799709724238,20,58.055152394775,0,0,0,0,0,3,84.9681505077427,84.1799709724238,21.2420376269357
CC_009,3,noStress,10,4,24,4,24,0,0,0,0,0,2,97.2,24,32.4
CC_009,3,stress,10.66,9,50.656660412758,10,56.2851782363977,1,0,0,1,0,3,84.9681505077427,25.328330206379,21.2420376269357
CC_009,4,noStress,10,9,54,10,60,1,0,0,1,0,2,97.2,27,32.4
CC_009,4,stress,4.08,6,88.2352941176471,6,88.2352941176471,1,0,0,1,0,3,84.9681505077427,44.1176470588235,21.2420376269357
CC_009,5,noStress,10,15,90,12,72,1,0,0,1,0,2,97.2,45,32.4
CC_009,5,stress,20,37,108.292682926829,36,105.365853658537,1,0,0,1,1,3,84.9681505077427,54.1463414634146,21.2420376269357
CC_010,1,noStress,10,9,54,9,54,0,0,0,0,0,1,57.6,54,28.8
CC_010,1,stress,18.11,18,59.6355604638321,19,62.9486471562673,1,0,0,0,1,3,77.6407240823911,29.8177802319161,19.4101810205978
CC_010,2,noStress,10,14,84,15,90,0,0,0,0,0,1,57.6,84,28.8
CC_010,2,stress,20,75,216.138328530259,69,198.847262247839,0,0,0,0,0,3,77.6407240823911,216.138328530259,19.4101810205978
CC_010,3,noStress,10,0,0,1,6,0,0,0,0,0,1,57.6,0,28.8
CC_010,3,stress,20,0,0,1,2.95420974889217,0,0,0,0,0,3,77.6407240823911,0,19.4101810205978
CC_010,4,noStress,10,4,24,5,30,0,0,0,0,0,1,57.6,24,28.8
CC_010,4,stress,16.01,30,112.429731417864,30,112.429731417864,1,1,0,0,0,3,77.6407240823911,56.2148657089319,19.4101810205978
CC_010,5,noStress,10,21,126,20,120,1,0,0,0,1,1,57.6,63,28.8
CC_010,5,stress,20,0,0,1,2.93542074363992,1,0,0,0,1,3,77.6407240823911,0,19.4101810205978
CC_011,1,noStress,10,23,138,23,138,0,0,0,0,0,1,121.2,138,60.6
CC_011,1,stress,2.8,2,42.8571428571429,3,64.2857142857143,1,0,0,0,1,2,101.304652533838,21.4285714285714,33.7682175112795
CC_011,2,noStress,10,18,108,19,114,0,0,0,0,0,1,121.2,108,60.6
CC_011,2,stress,20,38,111.984282907662,37,109.037328094303,0,0,0,0,0,2,101.304652533838,111.984282907662,33.7682175112795
CC_011,3,noStress,10,21,126,22,132,0,0,0,0,0,1,121.2,126,60.6
CC_011,3,stress,20,46,135.294117647059,43,126.470588235294,0,0,0,0,0,2,101.304652533838,135.294117647059,33.7682175112795
CC_011,4,noStress,10,21,126,22,132,0,0,0,0,0,1,121.2,126,60.6
CC_011,4,stress,16.41,31,113.345521023766,31,113.345521023766,1,0,0,0,1,2,101.304652533838,56.672760511883,33.7682175112795
CC_011,5,noStress,10,18,108,19,114,1,0,1,0,0,1,121.2,54,60.6
CC_011,5,stress,20,35,103.042198233562,36,105.986261040236,0,0,0,0,0,2,101.304652533838,103.042198233562,33.7682175112795
CC_012,1,noStress,10,7,42,7,42,0,0,0,0,0,0,27.6,42,27.6
CC_012,1,stress,20,5,14.4927536231884,6,17.3913043478261,0,0,0,0,0,0,41.3293408792854,14.4927536231884,41.3293408792854
CC_012,2,noStress,10,0,0,1,6,0,0,0,0,0,0,27.6,0,27.6
CC_012,2,stress,20,11,31.9767441860465,12,34.8837209302326,0,0,0,0,0,0,41.3293408792854,31.9767441860465,41.3293408792854
CC_012,3,noStress,10,4,24,5,30,0,0,0,0,0,0,27.6,24,27.6
CC_012,3,stress,20,9,26.6666666666667,10,29.6296296296296,0,0,0,0,0,0,41.3293408792854,26.6666666666667,41.3293408792854
CC_012,4,noStress,10,3,18,4,24,0,0,0,0,0,0,27.6,18,27.6
CC_012,4,stress,20,19,55.937193326791,20,58.8812561334642,0,0,0,0,0,0,41.3293408792854,55.937193326791,41.3293408792854
CC_012,5,noStress,10,9,54,10,60,0,0,0,0,0,0,27.6,54,27.6
CC_012,5,stress,20,26,77.5733465937345,25,74.5897563401293,0,0,0,0,0,0,41.3293408792854,77.5733465937345,41.3293408792854
CC_013,1,noStress,10,34,204,32,192,0,0,0,0,0,3,175.2,204,43.8
CC_013,1,stress,6.33,9,85.3080568720379,10,94.7867298578199,1,0,0,1,0,5,155.56723514071,42.654028436019,25.9278725234517
CC_013,2,noStress,10,18,108,18,108,1,0,0,1,0,3,175.2,54,43.8
CC_013,2,stress,6.71,19,169.895678092399,20,178.837555886736,1,0,1,0,0,5,155.56723514071,84.9478390461997,25.9278725234517
CC_013,3,noStress,10,30,180,22,132,1,0,1,0,0,3,175.2,90,43.8
CC_013,3,stress,6.24,21,201.923076923077,22,211.538461538462,1,0,0,1,0,5,155.56723514071,100.961538461538,25.9278725234517
CC_013,4,noStress,10,26,156,24,144,1,1,0,1,0,3,175.2,78,43.8
CC_013,4,stress,2.91,5,103.092783505155,6,123.711340206186,1,0,0,1,0,5,155.56723514071,51.5463917525773,25.9278725234517
CC_013,5,noStress,10,38,228,38,228,0,0,0,0,0,3,175.2,228,43.8
CC_013,5,stress,3.86,14,217.616580310881,15,233.160621761658,1,0,0,1,0,5,155.56723514071,108.80829015544,25.9278725234517
CC_014,1,noStress,10,13,78,14,84,0,0,0,0,0,1,93.6,78,46.8
CC_014,1,stress,7.43,8,64.6029609690444,9,72.678331090175,1,0,0,1,0,5,100.542640560549,32.3014804845222,16.7571067600915
CC_014,2,noStress,10,15,90,16,96,0,0,0,0,0,1,93.6,90,46.8
CC_014,2,stress,12.09,18,89.3300248138958,19,94.2928039702233,1,0,1,0,0,5,100.542640560549,44.6650124069479,16.7571067600915
CC_014,3,noStress,10,17,102,17,102,1,0,1,0,0,1,93.6,51,46.8
CC_014,3,stress,18.12,34,112.582781456954,35,115.894039735099,1,0,1,0,0,5,100.542640560549,56.2913907284768,16.7571067600915
CC_014,4,noStress,10,16,96,17,102,0,0,0,0,0,1,93.6,96,46.8
CC_014,4,stress,13.42,25,111.77347242921,25,111.77347242921,1,0,0,1,0,5,100.542640560549,55.8867362146051,16.7571067600915
CC_014,5,noStress,10,17,102,15,90,0,0,0,0,0,1,93.6,102,46.8
CC_014,5,stress,13.02,27,124.423963133641,27,124.423963133641,1,0,0,1,0,5,100.542640560549,62.2119815668203,16.7571067600915
CC_015,1,noStress,10,20,120,21,126,0,0,0,0,0,3,176.4,120,44.1
CC_015,1,stress,9.8,32,195.918367346939,32,195.918367346939,1,1,0,0,0,5,129.927156606384,97.9591836734694,21.654526101064
CC_015,2,noStress,10,30,180,28,168,1,0,0,0,1,3,176.4,90,44.1
CC_015,2,stress,2.82,6,127.659574468085,7,148.936170212766,1,0,0,0,1,5,129.927156606384,63.8297872340426,21.654526101064
CC_015,3,noStress,10,40,240,41,246,0,0,0,0,0,3,176.4,240,44.1
CC_015,3,stress,3.31,5,90.6344410876133,6,108.761329305136,1,1,0,0,0,5,129.927156606384,45.3172205438066,21.654526101064
CC_015,4,noStress,10,29,174,26,156,1,0,0,0,1,3,176.4,87,44.1
CC_015,4,stress,2.55,3,70.5882352941177,4,94.1176470588235,1,0,0,0,1,5,129.927156606384,35.2941176470588,21.654526101064
CC_015,5,noStress,10,28,168,28,168,1,0,0,0,1,3,176.4,84,44.1
CC_015,5,stress,5.46,15,164.835164835165,16,175.824175824176,1,1,0,0,0,5,129.927156606384,82.4175824175824,21.654526101064
CC_016,1,noStress,10,14,84,15,90,0,0,0,0,0,0,111.6,84,111.6
CC_016,1,stress,20,7,21,7,21,0,0,0,0,0,3,116.54330841099,21,29.1358271027475
CC_016,2,noStress,10,3,18,4,24,0,0,0,0,0,0,111.6,18,111.6
CC_016,2,stress,20,3,8.84520884520884,4,11.7936117936118,0,0,0,0,0,3,116.54330841099,8.84520884520884,29.1358271027475
CC_016,3,noStress,10,4,24,5,30,0,0,0,0,0,0,111.6,24,111.6
CC_016,3,stress,16.99,17,60.0353148911124,18,63.5668040023543,1,0,0,1,0,3,116.54330841099,30.0176574455562,29.1358271027475
CC_016,4,noStress,10,31,186,32,192,0,0,0,0,0,0,111.6,186,111.6
CC_016,4,stress,18.93,75,237.717908082409,68,215.530903328051,1,0,0,0,1,3,116.54330841099,118.858954041204,29.1358271027475
CC_016,5,noStress,10,41,246,40,240,0,0,0,0,0,0,111.6,246,111.6
CC_016,5,stress,6.35,27,255.118110236221,26,245.669291338583,1,0,0,0,1,3,116.54330841099,127.55905511811,29.1358271027475
CC_017,1,noStress,10,20,120,18,108,0,0,0,0,0,0,36,120,36
CC_017,1,stress,20,32,93.7957987298486,32,93.7957987298486,0,0,0,0,0,0,39.1376937901159,93.7957987298486,39.1376937901159
CC_017,2,noStress,10,7,42,8,48,0,0,0,0,0,0,36,42,36
CC_017,2,stress,20,28,81.4348036839554,28,81.4348036839554,0,0,0,0,0,0,39.1376937901159,81.4348036839554,39.1376937901159
CC_017,3,noStress,10,3,18,4,24,0,0,0,0,0,0,36,18,36
CC_017,3,stress,20,7,20.4578665367754,6,17.535314174379,0,0,0,0,0,0,39.1376937901159,20.4578665367754,39.1376937901159
CC_017,4,noStress,10,0,0,1,6,0,0,0,0,0,0,36,0,36
CC_017,4,stress,20,0,0,1,2.98953662182362,0,0,0,0,0,0,39.1376937901159,0,39.1376937901159
CC_017,5,noStress,10,0,0,1,6,0,0,0,0,0,0,36,0,36
CC_017,5,stress,20,0,0,1,2.92255236239649,0,0,0,0,0,0,39.1376937901159,0,39.1376937901159
CC_018,1,noStress,10,18,108,17,102,0,0,0,0,0,1,176.4,108,88.2
CC_018,1,stress,20,31,90.4229460379193,30,87.5060768108896,0,0,0,0,0,4,103.569490232246,90.4229460379193,20.7138980464492
CC_018,2,noStress,10,0,0,1,6,0,0,0,0,0,1,176.4,0,88.2
CC_018,2,stress,11.19,18,96.514745308311,19,101.876675603217,1,0,0,0,1,4,103.569490232246,48.2573726541555,20.7138980464492
CC_018,3,noStress,10,40,240,41,246,0,0,0,0,0,1,176.4,240,88.2
CC_018,3,stress,2,2,60,3,90,1,0,0,0,1,4,103.569490232246,30,20.7138980464492
CC_018,4,noStress,10,40,240,38,228,1,0,0,1,0,1,176.4,120,88.2
CC_018,4,stress,7.95,6,45.2830188679245,4,30.188679245283,1,0,0,1,0,4,103.569490232246,22.6415094339623,20.7138980464492
CC_018,5,noStress,10,49,294,49,294,0,0,0,0,0,1,176.4,294,88.2
CC_018,5,stress,7.18,27,225.626740947075,28,233.983286908078,1,0,1,0,0,4,103.569490232246,112.813370473538,20.7138980464492
CC_019,1,noStress,10,9,54,10,60,0,0,0,0,0,2,69.6,54,23.2
CC_019,1,stress,20,18,52.2749273959342,18,52.2749273959342,0,0,0,0,0,3,61.0772280389766,52.2749273959342,15.2693070097442
CC_019,2,noStress,10,9,54,10,60,0,0,0,0,0,2,69.6,54,23.2
CC_019,2,stress,20,24,69.0647482014388,25,71.9424460431655,0,0,0,0,0,3,61.0772280389766,69.0647482014388,15.2693070097442
CC_019,3,noStress,10,13,78,14,84,0,0,0,0,0,2,69.6,78,23.2
CC_019,3,stress,14.23,18,75.8959943780745,19,80.1124385101897,1,1,0,0,0,3,61.0772280389766,37.9479971890372,15.2693070097442
CC_019,4,noStress,10,11,66,12,72,1,0,1,0,0,2,69.6,33,23.2
CC_019,4,stress,2.32,2,51.7241379310345,3,77.5862068965517,1,0,1,0,0,3,61.0772280389766,25.8620689655172,15.2693070097442
CC_019,5,noStress,10,16,96,11,66,1,0,1,0,0,2,69.6,48,23.2
CC_019,5,stress,3.19,3,56.4263322884013,4,75.2351097178683,1,0,1,0,0,3,61.0772280389766,28.2131661442006,15.2693070097442
CC_020,1,noStress,10,10,60,11,66,0,0,0,0,0,1,76.8,60,38.4
CC_020,1,stress,4.94,3,36.4372469635627,4,48.582995951417,1,0,1,0,0,4,66.9611310166252,18.2186234817814,13.392226203325
CC_020,2,noStress,10,14,84,12,72,0,0,0,0,0,1,76.8,84,38.4
CC_020,2,stress,11.27,16,85.1818988464951,17,90.5057675244011,1,0,0,0,1,4,66.9611310166252,42.5909494232476,13.392226203325
CC_020,3,noStress,10,16,96,17,102,0,0,0,0,0,1,76.8,96,38.4
CC_020,3,stress,11.78,13,66.213921901528,14,71.3073005093379,1,0,0,1,0,4,66.9611310166252,33.106960950764,13.392226203325
CC_020,4,noStress,10,13,78,14,84,0,0,0,0,0,1,76.8,78,38.4
CC_020,4,stress,15.45,16,62.1359223300971,17,66.0194174757282,1,0,0,1,0,4,66.9611310166252,31.0679611650485,13.392226203325
CC_020,5,noStress,10,11,66,11,66,1,0,0,0,1,1,76.8,33,38.4
CC_020,5,stress,20,29,84.8366650414432,28,81.9112627986348,0,0,0,0,0,4,66.9611310166252,84.8366650414432,13.392226203325
CC_021,1,noStress,10,25,150,20,120,1,0,0,0,1,2,128.4,75,42.8
CC_021,1,stress,12.82,36,168.486739469579,37,173.166926677067,1,0,1,0,0,5,176.420615881839,84.2433697347894,29.4034359803065
CC_021,2,noStress,10,30,180,30,180,0,0,0,0,0,2,128.4,180,42.8
CC_021,2,stress,18.7,71,227.807486631016,72,231.016042780749,1,0,1,0,0,5,176.420615881839,113.903743315508,29.4034359803065
CC_021,3,noStress,10,20,120,21,126,0,0,0,0,0,2,128.4,120,42.8
CC_021,3,stress,15.08,55,218.832891246684,56,222.811671087533,1,1,0,0,0,5,176.420615881839,109.416445623342,29.4034359803065
CC_021,4,noStress,10,24,144,25,150,0,0,0,0,0,2,128.4,144,42.8
CC_021,4,stress,15.72,55,209.923664122137,50,190.839694656489,1,1,0,0,0,5,176.420615881839,104.961832061069,29.4034359803065
CC_021,5,noStress,10,8,48,6,36,1,0,0,0,1,2,128.4,24,42.8
CC_021,5,stress,6.31,6,57.0522979397781,6,57.0522979397781,1,0,0,0,1,5,176.420615881839,28.5261489698891,29.4034359803065
CC_022,1,noStress,10,8,48,9,54,0,0,0,0,0,2,46.8,48,15.6
CC_022,1,stress,6.9,5,43.4782608695652,6,52.1739130434783,1,0,0,1,0,4,73.5556047053593,21.7391304347826,14.7111209410719
CC_022,2,noStress,10,8,48,9,54,1,0,0,0,1,2,46.8,24,15.6
CC_022,2,stress,7,4,34.2857142857143,4,34.2857142857143,1,0,0,0,1,4,73.5556047053593,17.1428571428571,14.7111209410719
CC_022,3,noStress,10,18,108,15,90,0,0,0,0,0,2,46.8,108,15.6
CC_022,3,stress,20,52,154.226396440929,52,154.226396440929,0,0,0,0,0,4,73.5556047053593,154.226396440929,14.7111209410719
CC_022,4,noStress,10,1,6,2,12,0,0,0,0,0,2,46.8,6,15.6
CC_022,4,stress,6.31,9,85.5784469096672,10,95.0871632329635,1,0,0,0,1,4,73.5556047053593,42.7892234548336,14.7111209410719
CC_022,5,noStress,10,4,24,5,30,1,0,0,0,1,2,46.8,12,15.6
CC_022,5,stress,2.39,2,50.2092050209205,2,50.2092050209205,1,0,0,0,1,4,73.5556047053593,25.1046025104602,14.7111209410719
CC_023,1,noStress,10,11,66,8,48,0,0,0,0,0,1,32.4,66,16.2
CC_023,1,stress,20,27,79.4507111329083,27,79.4507111329083,0,0,0,0,0,1,39.1968018726595,79.4507111329083,19.5984009363298
CC_023,2,noStress,10,6,36,7,42,0,0,0,0,0,1,32.4,36,16.2
CC_023,2,stress,20,29,85.2105778648384,26,76.3956904995103,0,0,0,0,0,1,39.1968018726595,85.2105778648384,19.5984009363298
CC_023,3,noStress,10,4,24,4,24,0,0,0,0,0,1,32.4,24,16.2
CC_023,3,stress,20,4,11.5718418514947,5,14.4648023143684,0,0,0,0,0,1,39.1968018726595,11.5718418514947,19.5984009363298
CC_023,4,noStress,10,0,0,1,6,0,0,0,0,0,1,32.4,0,16.2
CC_023,4,stress,20,4,11.71875,5,14.6484375,0,0,0,0,0,1,39.1968018726595,11.71875,19.5984009363298
CC_023,5,noStress,10,6,36,6,36,1,0,0,0,1,1,32.4,18,16.2
CC_023,5,stress,14.94,2,8.03212851405623,2,8.03212851405623,1,0,0,0,1,1,39.1968018726595,4.01606425702811,19.5984009363298
CC_024,1,noStress,10,4,24,4,24,0,0,0,0,0,2,56.4,24,18.8
CC_024,1,stress,20,21,61.3437195715677,18,52.5803310613437,0,0,0,0,0,3,56.9111680029434,61.3437195715677,14.2277920007358
CC_024,2,noStress,10,25,150,25,150,1,1,1,0,0,2,56.4,75,18.8
CC_024,2,stress,12.18,20,98.5221674876847,17,83.743842364532,1,1,0,0,0,3,56.9111680029434,49.2610837438424,14.2277920007358
CC_024,3,noStress,10,7,42,8,48,0,0,0,0,0,2,56.4,42,18.8
CC_024,3,stress,20,17,50.7210343112879,18,53.7046245648931,0,0,0,0,0,3,56.9111680029434,50.7210343112879,14.2277920007358
CC_024,4,noStress,10,0,0,1,6,0,0,0,0,0,2,56.4,0,18.8
CC_024,4,stress,14.73,13,52.9531568228106,14,57.0264765784114,1,0,1,0,0,3,56.9111680029434,26.4765784114053,14.2277920007358
CC_024,5,noStress,10,11,66,12,72,1,1,0,0,0,2,56.4,33,18.8
CC_024,5,stress,5.71,2,21.015761821366,3,31.523642732049,1,1,1,0,0,3,56.9111680029434,10.507880910683,14.2277920007358
CC_025,1,noStress,10,12,72,12,72,0,0,0,0,0,1,81.6,72,40.8
CC_025,1,stress,20,14,40.1913875598086,15,43.0622009569378,1,0,0,0,1,5,65.2253423033694,20.0956937799043,10.8708903838949
CC_025,2,noStress,10,10,60,9,54,1,0,0,0,1,1,81.6,30,40.8
CC_025,2,stress,3.44,2,34.8837209302326,3,52.3255813953488,1,0,0,0,1,5,65.2253423033694,17.4418604651163,10.8708903838949
CC_025,3,noStress,10,14,84,15,90,0,0,0,0,0,1,81.6,84,40.8
CC_025,3,stress,2.62,2,45.8015267175573,3,68.7022900763359,1,0,0,0,1,5,65.2253423033694,22.9007633587786,10.8708903838949
CC_025,4,noStress,10,17,102,14,84,0,0,0,0,0,1,81.6,102,40.8
CC_025,4,stress,6.46,13,120.743034055728,14,130.030959752322,1,0,0,0,1,5,65.2253423033694,60.3715170278638,10.8708903838949
CC_025,5,noStress,10,15,90,16,96,0,0,0,0,0,1,81.6,90,40.8
CC_025,5,stress,3.55,5,84.5070422535211,6,101.408450704225,1,0,0,0,1,5,65.2253423033694,42.2535211267606,10.8708903838949
CC_026,1,noStress,10,22,132,23,138,0,0,0,0,0,2,181.2,132,60.4
CC_026,1,stress,20,63,181.643440653532,55,158.57760691975,0,0,0,0,0,4,162.303700277466,181.643440653532,32.4607400554932
CC_026,2,noStress,10,29,174,29,174,0,0,0,0,0,2,181.2,174,60.4
CC_026,2,stress,12.73,45,212.09740769835,36,169.67792615868,1,0,0,0,1,4,162.303700277466,106.048703849175,32.4607400554932
CC_026,3,noStress,10,45,270,46,276,0,0,0,0,0,2,181.2,270,60.4
CC_026,3,stress,9.02,31,206.208425720621,32,212.860310421286,1,0,0,0,1,4,162.303700277466,103.10421286031,32.4607400554932
CC_026,4,noStress,10,30,180,19,114,1,0,0,0,1,2,181.2,90,60.4
CC_026,4,stress,4.51,14,186.252771618625,12,159.645232815965,1,0,0,0,1,4,162.303700277466,93.1263858093127,32.4607400554932
CC_026,5,noStress,10,25,150,16,96,1,0,0,0,1,2,181.2,75,60.4
CC_026,5,stress,2.37,1,25.3164556962025,2,50.6329113924051,1,0,0,0,1,4,162.303700277466,12.6582278481013,32.4607400554932
CC_027,1,noStress,10,27,162,26,156,1,0,0,1,0,4,198,81,39.6
CC_027,1,stress,9.17,33,215.921483097056,30,196.29225736096,1,0,1,0,0,5,105.751978832972,107.960741548528,17.6253298054954
CC_027,2,noStress,10,20,120,20,120,1,0,0,0,1,4,198,60,39.6
CC_027,2,stress,20,2,5.6953013763645,2,5.6953013763645,1,0,0,0,1,5,105.751978832972,2.84765068818225,17.6253298054954
CC_027,3,noStress,10,35,210,36,216,1,0,0,1,0,4,198,105,39.6
CC_027,3,stress,2.26,2,53.0973451327434,3,79.646017699115,1,0,0,1,0,5,105.751978832972,26.5486725663717,17.6253298054954
CC_027,4,noStress,10,40,240,37,222,1,0,1,0,1,4,198,120,39.6
CC_027,4,stress,2.13,2,56.3380281690141,2,56.3380281690141,1,0,0,0,1,5,105.751978832972,28.169014084507,17.6253298054954
CC_027,5,noStress,10,43,258,36,216,0,0,0,0,0,4,198,258,39.6
CC_027,5,stress,6.98,23,197.707736389685,23,197.707736389685,1,0,0,0,1,5,105.751978832972,98.8538681948424,17.6253298054954
EC_001,1,noStress,10,9,54,10,60,1,0,0,1,0,2,81.6,27,27.2
EC_001,1,stress,3.78,2,31.7460317460318,3,47.6190476190476,1,1,0,0,0,4,70.828788616366,15.8730158730159,14.1657577232732
EC_001,2,noStress,10,11,66,11,66,0,0,0,0,0,2,81.6,66,27.2
EC_001,2,stress,20,26,75,27,77.8846153846154,0,0,0,0,0,4,70.828788616366,75,14.1657577232732
EC_001,3,noStress,10,9,54,10,60,0,0,0,0,0,2,81.6,54,27.2
EC_001,3,stress,12.05,13,64.7302904564315,14,69.7095435684647,1,0,0,0,1,4,70.828788616366,32.3651452282158,14.1657577232732
EC_001,4,noStress,10,26,156,27,162,0,0,0,0,0,2,81.6,156,27.2
EC_001,4,stress,11.32,23,121.908127208481,24,127.208480565371,1,0,0,1,0,4,70.828788616366,60.9540636042403,14.1657577232732
EC_001,5,noStress,10,13,78,14,84,1,1,1,1,0,2,81.6,39,27.2
EC_001,5,stress,3.95,4,60.7594936708861,5,75.9493670886076,1,1,0,0,0,4,70.828788616366,30.379746835443,14.1657577232732
EC_002,1,noStress,10,10,60,11,66,0,0,0,0,0,0,39.6,60,39.6
EC_002,1,stress,20,27,79.7636632200886,28,82.7178729689808,0,0,0,0,0,1,64.1406154979406,79.7636632200886,32.0703077489703
EC_002,2,noStress,10,10,60,11,66,0,0,0,0,0,0,39.6,60,39.6
EC_002,2,stress,20,23,67.9802955665025,24,70.935960591133,0,0,0,0,0,1,64.1406154979406,67.9802955665025,32.0703077489703
EC_002,3,noStress,10,9,54,10,60,0,0,0,0,0,0,39.6,54,39.6
EC_002,3,stress,5.73,6,62.82722513089,6,62.82722513089,1,0,1,0,0,1,64.1406154979406,31.413612565445,32.0703077489703
EC_002,4,noStress,10,3,18,4,24,0,0,0,0,0,0,39.6,18,39.6
EC_002,4,stress,20,22,63.1881282910484,22,63.1881282910484,0,0,0,0,0,1,64.1406154979406,63.1881282910484,32.0703077489703
EC_002,5,noStress,10,1,6,2,12,0,0,0,0,0,0,39.6,6,39.6
EC_002,5,stress,20,16,46.9437652811736,17,49.8777506112469,0,0,0,0,0,1,64.1406154979406,46.9437652811736,32.0703077489703
EC_004,1,noStress,10,0,0,1,6,0,0,0,0,0,0,62.4,0,62.4
EC_004,1,stress,20,5,14.2993326978074,4,11.4394661582459,0,0,0,0,0,3,56.137175060675,14.2993326978074,14.0342937651687
EC_004,2,noStress,10,5,30,6,36,0,0,0,0,0,0,62.4,30,62.4
EC_004,2,stress,20,8,23.2896652110626,6,17.4672489082969,0,0,0,0,0,3,56.137175060675,23.2896652110626,14.0342937651687
EC_004,3,noStress,10,12,72,13,78,0,0,0,0,0,0,62.4,72,62.4
EC_004,3,stress,10.24,11,64.453125,9,52.734375,1,0,0,1,0,3,56.137175060675,32.2265625,14.0342937651687
EC_004,4,noStress,10,16,96,14,84,0,0,0,0,0,0,62.4,96,62.4
EC_004,4,stress,3.02,4,79.4701986754967,5,99.3377483443709,1,0,0,0,1,3,56.137175060675,39.7350993377483,14.0342937651687
EC_004,5,noStress,10,19,114,19,114,0,0,0,0,0,0,62.4,114,62.4
EC_004,5,stress,6.05,10,99.1735537190083,11,109.090909090909,1,0,0,1,0,3,56.137175060675,49.5867768595041,14.0342937651687
EC_005,1,noStress,10,7,42,6,36,0,0,0,0,0,1,127.2,42,63.6
EC_005,1,stress,10.45,10,57.4162679425837,11,63.1578947368421,1,0,1,0,0,5,141.779905356207,28.7081339712919,23.6299842260346
EC_005,2,noStress,10,26,156,27,162,0,0,0,0,0,1,127.2,156,63.6
EC_005,2,stress,16.99,59,208.357857563273,59,208.357857563273,1,0,0,0,1,5,141.779905356207,104.178928781636,23.6299842260346
EC_005,3,noStress,10,38,228,35,210,0,0,0,0,0,1,127.2,228,63.6
EC_005,3,stress,2.27,5,132.15859030837,6,158.590308370044,1,0,1,0,0,5,141.779905356207,66.079295154185,23.6299842260346
EC_005,4,noStress,10,23,138,21,126,1,1,0,0,0,1,127.2,69,63.6
EC_005,4,stress,4.4,10,136.363636363636,6,81.8181818181818,1,1,0,0,0,5,141.779905356207,68.1818181818182,23.6299842260346
EC_005,5,noStress,10,12,72,13,78,0,0,0,0,0,1,127.2,72,63.6
EC_005,5,stress,3.78,11,174.603174603175,12,190.47619047619,1,0,1,0,0,5,141.779905356207,87.3015873015873,23.6299842260346
EC_006,1,noStress,10,5,30,5,30,0,0,0,0,0,4,74.4,30,14.88
EC_006,1,stress,17.27,18,62.536189924725,17,59.0619571511291,1,0,0,1,0,5,36.0884736828855,31.2680949623625,6.01474561381425
EC_006,2,noStress,10,11,66,11,66,1,0,1,0,0,4,74.4,33,14.88
EC_006,2,stress,3.04,2,39.4736842105263,2,39.4736842105263,1,0,1,0,0,5,36.0884736828855,19.7368421052632,6.01474561381425
EC_006,3,noStress,10,17,102,12,72,1,0,1,1,0,4,74.4,51,14.88
EC_006,3,stress,6.08,2,19.7368421052632,2,19.7368421052632,1,0,1,0,0,5,36.0884736828855,9.86842105263158,6.01474561381425
EC_006,4,noStress,10,11,66,12,72,1,1,0,0,0,4,74.4,33,14.88
EC_006,4,stress,3.68,2,32.6086956521739,2,32.6086956521739,1,1,0,0,0,5,36.0884736828855,16.304347826087,6.01474561381425
EC_006,5,noStress,10,18,108,14,84,1,0,1,1,0,4,74.4,54,14.88
EC_006,5,stress,2.3,1,26.0869565217391,2,52.1739130434783,1,0,1,0,0,5,36.0884736828855,13.0434782608696,6.01474561381425
EC_007,1,noStress,10,13,78,14,84,0,0,0,0,0,2,132,78,44
EC_007,1,stress,20,61,177.842565597668,62,180.758017492711,0,0,0,0,0,4,149.75540193943,177.842565597668,29.9510803878861
EC_007,2,noStress,10,24,144,22,132,0,0,0,0,0,2,132,144,44
EC_007,2,stress,11.17,31,166.51745747538,31,166.51745747538,1,0,0,0,1,4,149.75540193943,83.2587287376902,29.9510803878861
EC_007,3,noStress,10,25,150,22,132,0,0,0,0,0,2,132,150,44
EC_007,3,stress,11.8,34,172.881355932203,34,172.881355932203,1,0,0,1,0,4,149.75540193943,86.4406779661017,29.9510803878861
EC_007,4,noStress,10,16,96,13,78,1,0,1,0,0,2,132,48,44
EC_007,4,stress,1.69,1,35.5029585798817,2,71.0059171597633,1,0,0,1,0,4,149.75540193943,17.7514792899408,29.9510803878861
EC_007,5,noStress,10,32,192,29,174,1,0,1,1,0,2,132,96,44
EC_007,5,stress,8.57,28,196.032672112019,26,182.030338389732,1,0,0,0,1,4,149.75540193943,98.0163360560093,29.9510803878861
EC_008,1,noStress,10,8,48,9,54,0,0,0,0,0,2,180,48,60
EC_008,1,stress,20,35,104.321907600596,36,107.302533532042,0,0,0,0,0,3,168.288747573653,104.321907600596,42.0721868934132
EC_008,2,noStress,10,17,102,18,108,0,0,0,0,0,2,180,102,60
EC_008,2,stress,20,62,183.52244696596,52,153.922052294031,0,0,0,0,0,3,168.288747573653,183.52244696596,42.0721868934132
EC_008,3,noStress,10,21,126,22,132,1,0,1,0,0,2,180,63,60
EC_008,3,stress,5.27,22,250.474383301708,23,261.859582542695,1,0,1,0,0,3,168.288747573653,125.237191650854,42.0721868934132
EC_008,4,noStress,10,61,366,61,366,0,0,0,0,0,2,180,366,60
EC_008,4,stress,6.4,29,271.875,30,281.25,1,0,1,0,0,3,168.288747573653,135.9375,42.0721868934132
EC_008,5,noStress,10,43,258,43,258,1,1,0,0,0,2,180,129,60
EC_008,5,stress,3.84,2,31.25,2,31.25,1,1,0,0,0,3,168.288747573653,15.625,42.0721868934132
EC_009,1,noStress,10,5,30,6,36,0,0,0,0,0,0,15.6,30,15.6
EC_009,1,stress,20,0,0,1,2.93398533007335,0,0,0,0,0,0,4.07230437155875,0,4.07230437155875
EC_009,2,noStress,10,2,12,2,12,0,0,0,0,0,0,15.6,12,15.6
EC_009,2,stress,20,5,14.5419292292778,6,17.4503150751333,0,0,0,0,0,0,4.07230437155875,14.5419292292778,4.07230437155875
EC_009,3,noStress,10,0,0,1,6,0,0,0,0,0,0,15.6,0,15.6
EC_009,3,stress,20,0,0,1,2.87769784172662,0,0,0,0,0,0,4.07230437155875,0,4.07230437155875
EC_009,4,noStress,10,6,36,7,42,0,0,0,0,0,0,15.6,36,15.6
EC_009,4,stress,20,2,5.819592628516,3,8.729388942774,0,0,0,0,0,0,4.07230437155875,5.819592628516,4.07230437155875
EC_009,5,noStress,10,0,0,1,6,0,0,0,0,0,0,15.6,0,15.6
EC_009,5,stress,20,0,0,1,2.98210735586481,0,0,0,0,0,0,4.07230437155875,0,4.07230437155875
EC_010,1,noStress,10,4,24,3,18,0,0,0,0,0,1,97.2,24,48.6
EC_010,1,stress,20,3,8.66634569090034,4,11.5551275878671,0,0,0,0,0,3,112.650380020456,8.66634569090034,28.1625950051141
EC_010,2,noStress,10,21,126,22,132,0,0,0,0,0,1,97.2,126,48.6
EC_010,2,stress,20,16,46.6472303206997,17,49.5626822157434,1,0,1,0,0,3,112.650380020456,23.3236151603499,28.1625950051141
EC_010,3,noStress,10,21,126,21,126,0,0,0,0,0,1,97.2,126,48.6
EC_010,3,stress,20,94,271.676300578035,69,199.421965317919,0,0,0,0,0,3,112.650380020456,271.676300578035,28.1625950051141
EC_010,4,noStress,10,4,24,5,30,1,0,0,0,1,1,97.2,12,48.6
EC_010,4,stress,4.48,2,26.7857142857143,2,26.7857142857143,1,0,0,0,1,3,112.650380020456,13.3928571428571,28.1625950051141
EC_010,5,noStress,10,31,186,27,162,0,0,0,0,0,1,97.2,186,48.6
EC_010,5,stress,8.02,28,209.476309226933,29,216.957605985037,1,1,0,0,0,3,112.650380020456,104.738154613466,28.1625950051141
EC_011,1,noStress,10,33,198,34,204,0,0,0,0,0,3,219.6,198,54.9
EC_011,1,stress,6.42,13,121.495327102804,14,130.841121495327,1,0,0,0,1,5,87.6882414466391,60.7476635514019,14.6147069077732
EC_011,2,noStress,10,38,228,38,228,0,0,0,0,0,3,219.6,228,54.9
EC_011,2,stress,7.3,26,213.698630136986,27,221.917808219178,1,1,0,0,0,5,87.6882414466391,106.849315068493,14.6147069077732
EC_011,3,noStress,10,36,216,33,198,1,1,0,0,0,3,219.6,108,54.9
EC_011,3,stress,5.01,2,23.9520958083832,2,23.9520958083832,1,1,0,0,0,5,87.6882414466391,11.9760479041916,14.6147069077732
EC_011,4,noStress,10,37,222,33,198,1,1,0,0,0,3,219.6,111,54.9
EC_011,4,stress,2.27,2,52.863436123348,2,52.863436123348,1,1,0,0,0,5,87.6882414466391,26.431718061674,14.6147069077732
EC_011,5,noStress,10,39,234,33,198,1,1,0,0,0,3,219.6,117,54.9
EC_011,5,stress,2.27,1,26.431718061674,2,52.863436123348,1,1,0,0,0,5,87.6882414466391,13.215859030837,14.6147069077732
EC_012,1,noStress,10,13,78,8,48,0,0,0,0,0,2,175.2,78,58.4
EC_012,1,stress,13.53,18,79.8226164079823,19,84.2572062084257,1,0,1,0,0,4,139.84803292347,39.9113082039911,27.9696065846939
EC_012,2,noStress,10,44,264,44,264,0,0,0,0,0,2,175.2,264,58.4
EC_012,2,stress,20,91,266.081871345029,86,251.461988304094,0,0,0,0,0,4,139.84803292347,266.081871345029,27.9696065846939
EC_012,3,noStress,10,42,252,38,228,0,0,0,0,0,2,175.2,252,58.4
EC_012,3,stress,20,89,256.607400288323,82,236.424795771264,1,1,0,0,0,4,139.84803292347,128.303700144161,27.9696065846939
EC_012,4,noStress,10,19,114,19,114,1,1,0,0,0,2,175.2,57,58.4
EC_012,4,stress,7.96,6,45.2261306532663,7,52.7638190954774,1,1,1,0,0,4,139.84803292347,22.6130653266332,27.9696065846939
EC_012,5,noStress,10,28,168,24,144,1,0,0,0,1,2,175.2,84,58.4
EC_012,5,stress,4.66,4,51.5021459227468,4,51.5021459227468,1,0,0,0,1,4,139.84803292347,25.7510729613734,27.9696065846939
EC_013,1,noStress,10,28,168,29,174,0,0,0,0,0,0,99.6,168,99.6
EC_013,1,stress,20,34,99.3667803214808,33,96.4442279590843,0,0,0,0,0,1,124.838197482007,99.3667803214808,62.4190987410036
EC_013,2,noStress,10,11,66,11,66,0,0,0,0,0,0,99.6,66,99.6
EC_013,2,stress,20,36,106.142506142506,36,106.142506142506,0,0,0,0,0,1,124.838197482007,106.142506142506,62.4190987410036
EC_013,3,noStress,10,13,78,14,84,0,0,0,0,0,0,99.6,78,99.6
EC_013,3,stress,20,45,132.678132678133,45,132.678132678133,0,0,0,0,0,1,124.838197482007,132.678132678133,62.4190987410036
EC_013,4,noStress,10,19,114,20,120,0,0,0,0,0,0,99.6,114,99.6
EC_013,4,stress,20,55,161.606268364349,55,161.606268364349,0,0,0,0,0,1,124.838197482007,161.606268364349,62.4190987410036
EC_013,5,noStress,10,12,72,13,78,0,0,0,0,0,0,99.6,72,99.6
EC_013,5,stress,20,43,124.397299903568,44,127.290260366442,1,0,1,0,0,1,124.838197482007,62.198649951784,62.4190987410036
EC_014,1,noStress,10,0,0,1,6,0,0,0,0,0,2,123.6,0,41.2
EC_014,1,stress,13.62,9,39.647577092511,10,44.0528634361234,1,0,0,1,0,5,68.6395630737285,19.8237885462555,11.4399271789547
EC_014,2,noStress,10,12,72,12,72,0,0,0,0,0,2,123.6,72,41.2
EC_014,2,stress,12.66,25,118.483412322275,26,123.222748815166,1,1,0,0,0,5,68.6395630737285,59.2417061611374,11.4399271789547
EC_014,3,noStress,10,37,222,37,222,1,0,1,0,0,2,123.6,111,41.2
EC_014,3,stress,20,0,0,1,2.87494010541447,1,0,1,0,0,5,68.6395630737285,0,11.4399271789547
EC_014,4,noStress,10,43,258,44,264,0,0,0,0,0,2,123.6,258,41.2
EC_014,4,stress,11.8,26,132.203389830508,27,137.28813559322,1,0,1,0,0,5,68.6395630737285,66.1016949152542,11.4399271789547
EC_014,5,noStress,10,11,66,12,72,1,1,0,0,0,2,123.6,33,41.2
EC_014,5,stress,2.27,2,52.863436123348,2,52.863436123348,1,1,0,0,0,5,68.6395630737285,26.431718061674,11.4399271789547
EC_016,1,noStress,10,12,72,12,72,1,0,0,0,1,4,132,36,26.4
EC_016,1,stress,2.6,2,46.1538461538461,3,69.2307692307692,1,0,0,0,1,5,74.8920019221539,23.0769230769231,12.482000320359
EC_016,2,noStress,10,6,36,6,36,1,0,0,0,1,4,132,18,26.4
EC_016,2,stress,15.29,4,15.6965336821452,4,15.6965336821452,1,0,0,0,1,5,74.8920019221539,7.8482668410726,12.482000320359
EC_016,3,noStress,10,44,264,38,228,0,0,0,0,0,4,132,264,26.4
EC_016,3,stress,4.58,18,235.807860262009,19,248.908296943231,1,0,0,0,1,5,74.8920019221539,117.903930131004,12.482000320359
EC_016,4,noStress,10,40,240,34,204,1,0,0,0,1,4,132,120,26.4
EC_016,4,stress,3.14,2,38.2165605095541,2,38.2165605095541,1,0,0,0,1,5,74.8920019221539,19.1082802547771,12.482000320359
EC_016,5,noStress,10,8,48,8,48,1,0,0,0,1,4,132,24,26.4
EC_016,5,stress,6.22,4,38.5852090032154,3,28.9389067524116,1,0,0,0,1,5,74.8920019221539,19.2926045016077,12.482000320359
EC_017,1,noStress,10,35,210,36,216,1,1,0,0,0,4,206.4,105,41.28
EC_017,1,stress,3.58,2,33.5195530726257,2,33.5195530726257,1,1,0,0,0,5,134.479350505247,16.7597765363128,22.4132250842078
EC_017,2,noStress,10,32,192,32,192,1,0,1,0,0,4,206.4,96,41.28
EC_017,2,stress,2.74,1,21.8978102189781,2,43.7956204379562,1,0,0,1,0,5,134.479350505247,10.9489051094891,22.4132250842078
EC_017,3,noStress,10,24,144,25,150,1,0,0,0,1,4,206.4,72,41.28
EC_017,3,stress,12.81,61,285.714285714286,62,290.3981264637,1,1,0,0,0,5,134.479350505247,142.857142857143,22.4132250842078
EC_017,4,noStress,10,41,246,42,252,0,0,0,0,0,4,206.4,246,41.28
EC_017,4,stress,5.02,14,167.330677290837,12,143.426294820717,1,1,0,0,0,5,134.479350505247,83.6653386454183,22.4132250842078
EC_017,5,noStress,10,40,240,37,222,1,0,0,0,1,4,206.4,120,41.28
EC_017,5,stress,3.66,10,163.934426229508,8,131.147540983607,1,0,0,0,1,5,134.479350505247,81.9672131147541,22.4132250842078
EC_018,1,noStress,10,6,36,5,30,0,0,0,0,0,0,68.4,36,68.4
EC_018,1,stress,20,16,46.556741028128,17,49.466537342386,0,0,0,0,0,2,98.047731494749,46.556741028128,32.6825771649163
EC_018,2,noStress,10,6,36,7,42,0,0,0,0,0,0,68.4,36,68.4
EC_018,2,stress,20,30,88.1488736532811,29,85.2105778648384,0,0,0,0,0,2,98.047731494749,88.1488736532811,32.6825771649163
EC_018,3,noStress,10,11,66,10,60,0,0,0,0,0,0,68.4,66,68.4
EC_018,3,stress,10.05,14,83.5820895522388,13,77.6119402985074,1,0,0,1,0,2,98.047731494749,41.7910447761194,32.6825771649163
EC_018,4,noStress,10,14,84,15,90,0,0,0,0,0,0,68.4,84,68.4
EC_018,4,stress,20,47,140.159045725646,48,143.141153081511,0,0,0,0,0,2,98.047731494749,140.159045725646,32.6825771649163
EC_018,5,noStress,10,20,120,19,114,0,0,0,0,0,0,68.4,120,68.4
EC_018,5,stress,8.65,19,131.791907514451,20,138.728323699422,1,1,0,0,0,2,98.047731494749,65.8959537572254,32.6825771649163
EC_019,1,noStress,10,32,192,33,198,0,0,0,0,0,3,229.2,192,57.3
EC_019,1,stress,20,101,297.204512015694,97,285.4340362923,1,0,0,0,1,5,160.723075426744,148.602256007847,26.7871792377906
EC_019,2,noStress,10,47,282,39,234,1,1,0,0,0,3,229.2,141,57.3
EC_019,2,stress,2.19,3,82.1917808219178,3,82.1917808219178,1,1,0,0,0,5,160.723075426744,41.0958904109589,26.7871792377906
EC_019,3,noStress,10,29,174,30,180,0,0,0,0,0,3,229.2,174,57.3
EC_019,3,stress,13.32,74,333.333333333333,75,337.837837837838,1,1,0,0,0,5,160.723075426744,166.666666666667,26.7871792377906
EC_019,4,noStress,10,37,222,28,168,1,1,0,0,0,3,229.2,111,57.3
EC_019,4,stress,2.85,2,42.1052631578947,2,42.1052631578947,1,1,0,0,0,5,160.723075426744,21.0526315789474,26.7871792377906
EC_019,5,noStress,10,46,276,36,216,1,1,0,0,0,3,229.2,138,57.3
EC_019,5,stress,2.46,2,48.780487804878,2,48.780487804878,1,1,0,0,0,5,160.723075426744,24.390243902439,26.7871792377906
EC_020,1,noStress,10,18,108,18,108,1,0,0,0,1,5,100.8,54,16.8
EC_020,1,stress,6.35,4,37.7952755905512,3,28.3464566929134,1,0,0,0,1,5,38.7354377565996,18.8976377952756,6.45590629276661
EC_020,2,noStress,10,6,36,6,36,1,0,0,0,1,5,100.8,18,16.8
EC_020,2,stress,9.89,4,24.2669362992922,3,18.2002022244692,1,0,0,0,1,5,38.7354377565996,12.1334681496461,6.45590629276661
EC_020,3,noStress,10,18,108,17,102,1,0,0,0,1,5,100.8,54,16.8
EC_020,3,stress,2.38,2,50.4201680672269,2,50.4201680672269,1,0,0,0,1,5,38.7354377565996,25.2100840336134,6.45590629276661
EC_020,4,noStress,10,14,84,8,48,1,0,0,0,1,5,100.8,42,16.8
EC_020,4,stress,12.85,2,9.33852140077821,2,9.33852140077821,1,0,0,0,1,5,38.7354377565996,4.66926070038911,6.45590629276661
EC_020,5,noStress,10,28,168,23,138,1,0,0,0,1,5,100.8,84,16.8
EC_020,5,stress,1.67,2,71.8562874251497,2,71.8562874251497,1,0,0,0,1,5,38.7354377565996,35.9281437125749,6.45590629276661
EC_021,1,noStress,10,7,42,8,48,0,0,0,0,0,2,129.6,42,43.2
EC_021,1,stress,20,1,3,2,6,0,0,0,0,0,4,81.1986482984926,3,16.2397296596985
EC_021,2,noStress,10,11,66,12,72,0,0,0,0,0,2,129.6,66,43.2
EC_021,2,stress,15.68,19,72.7040816326531,20,76.530612244898,1,0,0,0,1,4,81.1986482984926,36.3520408163265,16.2397296596985
EC_021,3,noStress,10,23,138,18,108,1,0,0,0,1,2,129.6,69,43.2
EC_021,3,stress,2.08,1,28.8461538461538,2,57.6923076923077,1,0,0,0,1,4,81.1986482984926,14.4230769230769,16.2397296596985
EC_021,4,noStress,10,46,276,46,276,0,0,0,0,0,2,129.6,276,43.2
EC_021,4,stress,16.87,59,209.839952578542,59,209.839952578542,1,0,1,0,0,4,81.1986482984926,104.919976289271,16.2397296596985
EC_021,5,noStress,10,21,126,19,114,1,1,0,0,0,2,129.6,63,43.2
EC_021,5,stress,2.62,4,91.6030534351145,5,114.503816793893,1,1,0,0,0,4,81.1986482984926,45.8015267175573,16.2397296596985
EC_022,1,noStress,10,17,102,18,108,0,0,0,0,0,1,52.8,102,26.4
EC_022,1,stress,20,15,44.8430493273543,13,38.863976083707,0,0,0,0,0,2,40.7111275169121,44.8430493273543,13.5703758389707
EC_022,2,noStress,10,2,12,3,18,0,0,0,0,0,1,52.8,12,26.4
EC_022,2,stress,20,8,23.656973878758,9,26.6140956136028,0,0,0,0,0,2,40.7111275169121,23.656973878758,13.5703758389707
EC_022,3,noStress,10,7,42,8,48,0,0,0,0,0,1,52.8,42,26.4
EC_022,3,stress,20,17,50.4700643245918,18,53.4388916378031,0,0,0,0,0,2,40.7111275169121,50.4700643245918,13.5703758389707
EC_022,4,noStress,10,11,66,12,72,0,0,0,0,0,1,52.8,66,26.4
EC_022,4,stress,17.64,10,34.0136054421769,11,37.4149659863946,1,0,0,1,0,2,40.7111275169121,17.0068027210884,13.5703758389707
EC_022,5,noStress,10,7,42,8,48,1,0,0,1,0,1,52.8,21,26.4
EC_022,5,stress,16.61,14,50.5719446116797,15,54.1842263696568,1,1,0,1,0,2,40.7111275169121,25.2859723058399,13.5703758389707
EC_023,1,noStress,10,15,90,16,96,0,0,0,0,0,3,120,90,30
EC_023,1,stress,9.6,8,50,9,56.25,1,0,0,1,0,5,66.2743159689448,25,11.0457193281575
EC_023,2,noStress,10,18,108,16,96,1,0,0,1,0,3,120,54,30
EC_023,2,stress,3.49,2,34.3839541547278,2,34.3839541547278,1,0,0,1,0,5,66.2743159689448,17.1919770773639,11.0457193281575
EC_023,3,noStress,10,21,126,21,126,0,0,0,0,0,3,120,126,30
EC_023,3,stress,1.73,2,69.364161849711,3,104.046242774566,1,0,0,1,0,5,66.2743159689448,34.6820809248555,11.0457193281575
EC_023,4,noStress,10,33,198,29,174,1,0,0,1,0,3,120,99,30
EC_023,4,stress,4.13,10,145.278450363196,11,159.806295399516,1,0,0,1,0,5,66.2743159689448,72.6392251815981,11.0457193281575
EC_023,5,noStress,10,13,78,10,60,1,0,0,1,0,3,120,39,30
EC_023,5,stress,3.71,2,32.3450134770889,3,48.5175202156334,1,0,0,1,0,5,66.2743159689448,16.1725067385445,11.0457193281575
EC_024,1,noStress,10,4,24,3,18,0,0,0,0,0,1,151.2,24,75.6
EC_024,1,stress,20,12,35.1219512195122,10,29.2682926829268,0,0,0,0,0,3,114.132882633123,35.1219512195122,28.5332206582808
EC_024,2,noStress,10,11,66,11,66,0,0,0,0,0,1,151.2,66,75.6
EC_024,2,stress,20,40,116.561437591064,28,81.5930063137445,0,0,0,0,0,3,114.132882633123,116.561437591064,28.5332206582808
EC_024,3,noStress,10,30,180,21,126,0,0,0,0,0,1,151.2,180,75.6
EC_024,3,stress,4.42,8,108.597285067873,8,108.597285067873,1,0,0,0,1,3,114.132882633123,54.2986425339367,28.5332206582808
EC_024,4,noStress,10,36,216,36,216,0,0,0,0,0,1,151.2,216,75.6
EC_024,4,stress,14.93,71,285.331547220362,66,265.23777628935,1,0,0,0,1,3,114.132882633123,142.665773610181,28.5332206582808
EC_024,5,noStress,10,45,270,30,180,1,0,1,0,0,1,151.2,135,75.6
EC_024,5,stress,4.79,2,25.0521920668058,2,25.0521920668058,1,0,1,0,0,3,114.132882633123,12.5260960334029,28.5332206582808
EC_025,1,noStress,10,13,78,14,84,0,0,0,0,0,0,86.4,78,86.4
EC_025,1,stress,6.28,7,66.8789808917197,8,76.4331210191083,1,0,0,0,1,1,111.063907378363,33.4394904458599,55.5319536891814
EC_025,2,noStress,10,13,78,13,78,0,0,0,0,0,0,86.4,78,86.4
EC_025,2,stress,20,42,123.954746679784,43,126.906050172159,0,0,0,0,0,1,111.063907378363,123.954746679784,55.5319536891814
EC_025,3,noStress,10,16,96,17,102,0,0,0,0,0,0,86.4,96,86.4
EC_025,3,stress,20,40,119.820269595607,41,122.815776335497,0,0,0,0,0,1,111.063907378363,119.820269595607,55.5319536891814
EC_025,4,noStress,10,16,96,15,90,0,0,0,0,0,0,86.4,96,86.4
EC_025,4,stress,20,40,118.811881188119,40,118.811881188119,0,0,0,0,0,1,111.063907378363,118.811881188119,55.5319536891814
EC_025,5,noStress,10,14,84,15,90,0,0,0,0,0,0,86.4,84,86.4
EC_025,5,stress,20,43,125.853658536585,44,128.780487804878,0,0,0,0,0,1,111.063907378363,125.853658536585,55.5319536891814
EC_026,1,noStress,10,28,168,29,174,0,0,0,0,0,2,133.2,168,44.4
EC_026,1,stress,20,16,46.7836257309942,9,26.3157894736842,0,0,0,0,0,4,94.4244266454032,46.7836257309942,18.8848853290806
EC_026,2,noStress,10,4,24,3,18,0,0,0,0,0,2,133.2,24,44.4
EC_026,2,stress,14.62,38,155.950752393981,39,160.054719562244,1,0,0,0,1,4,94.4244266454032,77.9753761969904,18.8848853290806
EC_026,3,noStress,10,14,84,11,66,1,0,0,0,1,2,133.2,42,44.4
EC_026,3,stress,2.45,2,48.9795918367347,2,48.9795918367347,1,0,0,0,1,4,94.4244266454032,24.4897959183673,18.8848853290806
EC_026,4,noStress,10,9,54,9,54,1,0,0,1,0,2,133.2,27,44.4
EC_026,4,stress,2.45,2,48.9795918367347,2,48.9795918367347,1,0,0,1,0,4,94.4244266454032,24.4897959183673,18.8848853290806
EC_026,5,noStress,10,56,336,57,342,0,0,0,0,0,2,133.2,336,44.4
EC_026,5,stress,2.45,7,171.428571428571,8,195.918367346939,1,1,0,0,0,4,94.4244266454032,85.7142857142857,18.8848853290806
EC_027,1,noStress,10,0,0,1,6,0,0,0,0,0,0,37.2,0,37.2
EC_027,1,stress,20,18,51.6005733397038,15,43.0004777830865,0,0,0,0,0,0,69.891769066365,51.6005733397038,69.891769066365
EC_027,2,noStress,10,5,30,4,24,0,0,0,0,0,0,37.2,30,37.2
EC_027,2,stress,20,39,116.071428571429,23,68.4523809523809,0,0,0,0,0,0,69.891769066365,116.071428571429,69.891769066365
EC_027,3,noStress,10,26,156,27,162,0,0,0,0,0,0,37.2,156,37.2
EC_027,3,stress,20,40,118.870728083209,34,101.040118870728,0,0,0,0,0,0,69.891769066365,118.870728083209,69.891769066365
EC_027,4,noStress,10,0,0,1,6,0,0,0,0,0,0,37.2,0,37.2
EC_027,4,stress,20,7,20.979020979021,8,23.976023976024,0,0,0,0,0,0,69.891769066365,20.979020979021,69.891769066365
EC_027,5,noStress,10,0,0,1,6,0,0,0,0,0,0,37.2,0,37.2
EC_027,5,stress,20,14,41.9370943584623,12,35.946080878682,0,0,0,0,0,0,69.891769066365,41.9370943584623,69.891769066365
EC_031,1,noStress,10,18,108,19,114,0,0,0,0,0,3,132,108,33
EC_031,1,stress,7.32,9,73.7704918032787,10,81.9672131147541,1,0,0,1,0,5,115.655164191044,36.8852459016393,19.2758606985073
EC_031,2,noStress,10,21,126,21,126,1,1,0,0,0,3,132,63,33
EC_031,2,stress,3.6,2,33.3333333333333,3,50,1,1,1,0,0,5,115.655164191044,16.6666666666667,19.2758606985073
EC_031,3,noStress,10,25,150,25,150,1,1,1,1,0,3,132,75,33
EC_031,3,stress,20,40,119.88011988012,37,110.889110889111,1,1,0,1,0,5,115.655164191044,59.9400599400599,19.2758606985073
EC_031,4,noStress,10,23,138,22,132,0,0,0,0,0,3,132,138,33
EC_031,4,stress,7.12,22,185.393258426966,23,193.820224719101,1,1,0,0,0,5,115.655164191044,92.6966292134831,19.2758606985073
EC_031,5,noStress,10,23,138,20,120,1,1,1,1,0,3,132,69,33
EC_031,5,stress,4.34,12,165.898617511521,12,165.898617511521,1,1,0,0,0,5,115.655164191044,82.9493087557604,19.2758606985073
EC_032,1,noStress,10,17,102,18,108,0,0,0,0,0,3,120,102,30
EC_032,1,stress,20,38,112.703905091448,37,109.7380128522,0,0,0,0,0,3,132.813042720117,112.703905091448,33.2032606800292
EC_032,2,noStress,10,21,126,19,114,1,0,0,0,1,3,120,63,30
EC_032,2,stress,6.8,12,105.882352941176,13,114.705882352941,1,0,1,0,0,3,132.813042720117,52.9411764705882,33.2032606800292
EC_032,3,noStress,10,16,96,15,90,1,0,0,0,1,3,120,48,30
EC_032,3,stress,20,56,163.82252559727,57,166.747927840078,0,0,0,0,0,3,132.813042720117,163.82252559727,33.2032606800292
EC_032,4,noStress,10,22,132,21,126,1,1,0,0,0,3,120,66,30
EC_032,4,stress,17.08,39,137.002341920375,40,140.515222482436,1,1,0,0,0,3,132.813042720117,68.5011709601874,33.2032606800292
EC_032,5,noStress,10,24,144,25,150,0,0,0,0,0,3,120,144,30
EC_032,5,stress,9.54,23,144.654088050314,24,150.943396226415,1,0,0,1,0,3,132.813042720117,72.3270440251572,33.2032606800292
YC_001,1,noStress,10,12,72,13,78,0,0,0,0,0,0,166.8,72,166.8
YC_001,1,stress,20,30,86.7052023121387,30,86.7052023121387,0,0,0,0,0,4,157.824881795421,86.7052023121387,31.5649763590842
YC_001,2,noStress,10,18,108,19,114,0,0,0,0,0,0,166.8,108,166.8
YC_001,2,stress,9.27,20,129.449838187702,21,135.922330097087,1,0,0,0,1,4,157.824881795421,64.7249190938511,31.5649763590842
YC_001,3,noStress,10,29,174,30,180,0,0,0,0,0,0,166.8,174,166.8
YC_001,3,stress,19.86,85,256.797583081571,85,256.797583081571,1,0,1,0,0,4,157.824881795421,128.398791540786,31.5649763590842
YC_001,4,noStress,10,36,216,37,222,0,0,0,0,0,0,166.8,216,166.8
YC_001,4,stress,2.66,5,112.781954887218,6,135.338345864662,1,1,0,0,0,4,157.824881795421,56.390977443609,31.5649763590842
YC_001,5,noStress,10,44,264,38,228,0,0,0,0,0,0,166.8,264,166.8
YC_001,5,stress,4.72,16,203.389830508475,17,216.101694915254,1,0,0,0,1,4,157.824881795421,101.694915254237,31.5649763590842
YC_003,1,noStress,10,8,48,7,42,0,0,0,0,0,0,45.6,48,45.6
YC_003,1,stress,20,12,35.036496350365,13,37.956204379562,0,0,0,0,0,1,52.759887938107,35.036496350365,26.3799439690535
YC_003,2,noStress,10,4,24,5,30,0,0,0,0,0,0,45.6,24,45.6
YC_003,2,stress,20,17,50.8221225710015,18,53.8116591928251,0,0,0,0,0,1,52.759887938107,50.8221225710015,26.3799439690535
YC_003,3,noStress,10,6,36,6,36,0,0,0,0,0,0,45.6,36,45.6
YC_003,3,stress,20,19,55.8549730524253,20,58.7947084762371,0,0,0,0,0,1,52.759887938107,55.8549730524253,26.3799439690535
YC_003,4,noStress,10,10,60,10,60,0,0,0,0,0,0,45.6,60,45.6
YC_003,4,stress,20,20,58.7947084762371,17,49.9755022048016,0,0,0,0,0,1,52.759887938107,58.7947084762371,26.3799439690535
YC_003,5,noStress,10,10,60,9,54,0,0,0,0,0,0,45.6,60,45.6
YC_003,5,stress,4.74,5,63.2911392405063,6,75.9493670886076,1,0,1,0,0,1,52.759887938107,31.6455696202532,26.3799439690535
YC_004,1,noStress,10,20,120,20,120,0,0,0,0,0,3,156,120,39
YC_004,1,stress,20,41,120.175867122618,42,123.106985832926,0,0,0,0,0,4,154.720927527218,120.175867122618,30.9441855054436
YC_004,2,noStress,10,23,138,24,144,0,0,0,0,0,3,156,138,39
YC_004,2,stress,13.39,46,206.123973114264,45,201.643017176998,1,1,0,0,0,4,154.720927527218,103.061986557132,30.9441855054436
YC_004,3,noStress,10,25,150,20,120,1,0,0,1,0,3,156,75,39
YC_004,3,stress,7.87,8,60.9911054637865,9,68.6149936467598,1,0,1,0,0,4,154.720927527218,30.4955527318933,30.9441855054436
YC_004,4,noStress,10,25,150,25,150,1,1,0,0,0,3,156,75,39
YC_004,4,stress,11.57,32,165.946413137424,33,171.132238547969,1,1,0,0,0,4,154.720927527218,82.9732065687122,30.9441855054436
YC_004,5,noStress,10,37,222,38,228,1,1,0,0,0,3,156,111,39
YC_004,5,stress,5.99,22,220.367278797997,23,230.383973288815,1,1,0,0,0,4,154.720927527218,110.183639398998,30.9441855054436
YC_006,1,noStress,10,19,114,20,120,0,0,0,0,0,1,150,114,75
YC_006,1,stress,20,29,83.976833976834,30,86.8725868725869,0,0,0,0,0,3,133.409537333079,83.976833976834,33.3523843332696
YC_006,2,noStress,10,21,126,22,132,0,0,0,0,0,1,150,126,75
YC_006,2,stress,20,52,153.846153846154,46,136.094674556213,0,0,0,0,0,3,133.409537333079,153.846153846154,33.3523843332696
YC_006,3,noStress,10,27,162,27,162,0,0,0,0,0,1,150,162,75
YC_006,3,stress,20,52,146.478873239437,51,143.661971830986,1,1,0,0,0,3,133.409537333079,73.2394366197183,33.3523843332696
YC_006,4,noStress,10,35,210,35,210,0,0,0,0,0,1,150,210,75
YC_006,4,stress,2.8,8,171.428571428571,9,192.857142857143,1,1,0,0,0,3,133.409537333079,85.7142857142857,33.3523843332696
YC_006,5,noStress,10,23,138,21,126,1,0,0,0,1,1,150,69,75
YC_006,5,stress,5.39,10,111.317254174397,10,111.317254174397,1,0,0,0,1,3,133.409537333079,55.6586270871985,33.3523843332696
YC_007,1,noStress,10,20,120,20,120,1,0,0,0,1,4,163.2,60,32.64
YC_007,1,stress,2.23,2,53.8116591928251,2,53.8116591928251,1,0,0,0,1,5,136.493005082276,26.9058295964126,22.7488341803793
YC_007,2,noStress,10,19,114,20,120,1,0,0,0,1,4,163.2,57,32.64
YC_007,2,stress,7.67,13,101.694915254237,14,109.517601043025,1,0,0,0,1,5,136.493005082276,50.8474576271186,22.7488341803793
YC_007,3,noStress,10,31,186,32,192,1,1,1,0,0,4,163.2,93,32.64
YC_007,3,stress,3.84,6,93.75,7,109.375,1,1,0,0,0,5,136.493005082276,46.875,22.7488341803793
YC_007,4,noStress,10,30,180,31,186,1,0,0,0,1,4,163.2,90,32.64
YC_007,4,stress,4.82,14,174.273858921162,15,186.721991701245,1,0,0,0,1,5,136.493005082276,87.1369294605809,22.7488341803793
YC_007,5,noStress,10,36,216,35,210,0,0,0,0,0,4,163.2,216,32.64
YC_007,5,stress,14.83,64,258.934592043156,56,226.567768037761,1,1,0,0,0,5,136.493005082276,129.467296021578,22.7488341803793
YC_008,1,noStress,10,20,120,19,114,1,1,0,0,0,1,237.6,60,118.8
YC_008,1,stress,2.05,1,29.2682926829268,2,58.5365853658537,1,1,0,0,0,5,93.8206627872661,14.6341463414634,15.636777131211
YC_008,2,noStress,10,43,258,43,258,0,0,0,0,0,1,237.6,258,118.8
YC_008,2,stress,3.07,2,39.0879478827362,3,58.6319218241042,1,1,0,0,0,5,93.8206627872661,19.5439739413681,15.636777131211
YC_008,3,noStress,10,49,294,48,288,0,0,0,0,0,1,237.6,294,118.8
YC_008,3,stress,14.67,68,278.118609406953,66,269.938650306748,1,1,0,0,0,5,93.8206627872661,139.059304703476,15.636777131211
YC_008,4,noStress,10,47,282,37,222,0,0,0,0,0,1,237.6,282,118.8
YC_008,4,stress,1.79,1,33.5195530726257,2,67.0391061452514,1,1,0,0,0,5,93.8206627872661,16.7597765363128,15.636777131211
YC_008,5,noStress,10,39,234,32,192,0,0,0,0,0,1,237.6,234,118.8
YC_008,5,stress,4.04,6,89.1089108910891,7,103.960396039604,1,1,0,0,0,5,93.8206627872661,44.5544554455446,15.636777131211
YC_009,1,noStress,10,9,54,10,60,1,0,0,0,1,1,124.8,27,62.4
YC_009,1,stress,8.09,7,51.9159456118665,8,59.3325092707046,1,0,0,0,1,4,92.8874211925835,25.9579728059332,18.5774842385167
YC_009,2,noStress,10,12,72,13,78,0,0,0,0,0,1,124.8,72,62.4
YC_009,2,stress,7.35,13,106.122448979592,14,114.285714285714,1,0,0,1,0,4,92.8874211925835,53.0612244897959,18.5774842385167
YC_009,3,noStress,10,19,114,20,120,0,0,0,0,0,1,124.8,114,62.4
YC_009,3,stress,20,52,154.226396440929,47,139.396935244686,0,0,0,0,0,4,92.8874211925835,154.226396440929,18.5774842385167
YC_009,4,noStress,10,28,168,28,168,0,0,0,0,0,1,124.8,168,62.4
YC_009,4,stress,4.88,8,98.3606557377049,9,110.655737704918,1,0,0,0,1,4,92.8874211925835,49.1803278688525,18.5774842385167
YC_009,5,noStress,10,36,216,37,222,0,0,0,0,0,1,124.8,216,62.4
YC_009,5,stress,2.23,2,53.8116591928251,3,80.7174887892377,1,0,0,0,1,4,92.8874211925835,26.9058295964126,18.5774842385167
YC_010,1,noStress,10,24,144,25,150,0,0,0,0,0,2,169.2,144,56.4
YC_010,1,stress,20,52,153.316953316953,52,153.316953316953,0,0,0,0,0,4,137.358879622873,153.316953316953,27.4717759245746
YC_010,2,noStress,10,24,144,20,120,1,1,0,0,0,2,169.2,72,56.4
YC_010,2,stress,4,11,165,12,180,1,1,0,0,0,4,137.358879622873,82.5,27.4717759245746
YC_010,3,noStress,10,33,198,32,192,0,0,0,0,0,2,169.2,198,56.4
YC_010,3,stress,5.51,16,174.228675136116,17,185.117967332123,1,1,0,0,0,4,137.358879622873,87.1143375680581,27.4717759245746
YC_010,4,noStress,10,28,168,29,174,0,0,0,0,0,2,169.2,168,56.4
YC_010,4,stress,2.41,5,124.48132780083,6,149.377593360996,1,0,1,0,0,4,137.358879622873,62.2406639004149,27.4717759245746
YC_010,5,noStress,10,32,192,23,138,1,1,1,1,0,2,169.2,96,56.4
YC_010,5,stress,2.58,3,69.7674418604651,3,69.7674418604651,1,0,1,0,0,4,137.358879622873,34.8837209302326,27.4717759245746
YC_011,1,noStress,10,12,72,13,78,0,0,0,0,0,0,98.4,72,98.4
YC_011,1,stress,20,21,61.58357771261,22,64.5161290322581,1,1,0,0,0,2,99.4277405483832,30.791788856305,33.1425801827944
YC_011,2,noStress,10,15,90,16,96,0,0,0,0,0,0,98.4,90,98.4
YC_011,2,stress,9.88,14,85.0202429149797,15,91.0931174089069,1,0,0,1,0,2,99.4277405483832,42.5101214574899,33.1425801827944
YC_011,3,noStress,10,19,114,16,96,0,0,0,0,0,0,98.4,114,98.4
YC_011,3,stress,20,36,104.803493449782,35,101.892285298399,0,0,0,0,0,2,99.4277405483832,104.803493449782,33.1425801827944
YC_011,4,noStress,10,19,114,20,120,0,0,0,0,0,0,98.4,114,98.4
YC_011,4,stress,20,39,116.129032258065,40,119.106699751861,0,0,0,0,0,2,99.4277405483832,116.129032258065,33.1425801827944
YC_011,5,noStress,10,17,102,18,108,0,0,0,0,0,0,98.4,102,98.4
YC_011,5,stress,20,44,129.60235640648,38,111.929307805596,0,0,0,0,0,2,99.4277405483832,129.60235640648,33.1425801827944
YC_012,1,noStress,10,21,126,22,132,0,0,0,0,0,0,181.2,126,181.2
YC_012,1,stress,20,27,80.5168986083499,28,83.4990059642147,0,0,0,0,0,4,157.141707495382,80.5168986083499,31.4283414990765
YC_012,2,noStress,10,16,96,17,102,0,0,0,0,0,0,181.2,96,181.2
YC_012,2,stress,19.23,49,152.886115444618,50,156.00624024961,1,0,0,1,0,4,157.141707495382,76.4430577223089,31.4283414990765
YC_012,3,noStress,10,33,198,34,204,0,0,0,0,0,0,181.2,198,181.2
YC_012,3,stress,3.84,10,156.25,11,171.875,1,1,0,0,0,4,157.141707495382,78.125,31.4283414990765
YC_012,4,noStress,10,31,186,31,186,0,0,0,0,0,0,181.2,186,181.2
YC_012,4,stress,3.64,11,181.318681318681,12,197.802197802198,1,1,0,0,0,4,157.141707495382,90.6593406593407,31.4283414990765
YC_012,5,noStress,10,50,300,48,288,0,0,0,0,0,0,181.2,300,181.2
YC_012,5,stress,4.75,17,214.736842105263,18,227.368421052632,1,0,0,0,1,4,157.141707495382,107.368421052632,31.4283414990765
YC_013,1,noStress,10,3,18,4,24,0,0,0,0,0,1,132,18,66
YC_013,1,stress,20,27,79.1788856304985,24,70.3812316715542,0,0,0,0,0,3,141.506127413629,79.1788856304985,35.3765318534073
YC_013,2,noStress,10,9,54,10,60,0,0,0,0,0,1,132,54,66
YC_013,2,stress,20,40,118.694362017804,40,118.694362017804,0,0,0,0,0,3,141.506127413629,118.694362017804,35.3765318534073
YC_013,3,noStress,10,18,108,19,114,0,0,0,0,0,1,132,108,66
YC_013,3,stress,20,77,229.736449527598,78,232.720039781203,1,1,0,0,0,3,141.506127413629,114.868224763799,35.3765318534073
YC_013,4,noStress,10,25,150,23,138,1,0,0,0,1,1,132,75,66
YC_013,4,stress,2.21,1,27.1493212669683,2,54.2986425339367,1,0,0,0,1,3,141.506127413629,13.5746606334842,35.3765318534073
YC_013,5,noStress,10,55,330,52,312,0,0,0,0,0,1,132,330,66
YC_013,5,stress,4.51,19,252.771618625277,19,252.771618625277,1,0,0,0,1,3,141.506127413629,126.385809312639,35.3765318534073
YC_014,1,noStress,10,12,72,13,78,0,0,0,0,0,3,127.2,72,31.8
YC_014,1,stress,20,37,108.930323846909,38,111.874386653582,1,1,0,0,0,5,161.067687293571,54.4651619234544,26.8446145489285
YC_014,2,noStress,10,13,78,14,84,1,1,0,0,0,3,127.2,39,31.8
YC_014,2,stress,20,66,190.110417666827,51,146.90350456073,1,1,0,0,0,5,161.067687293571,95.0552088334134,26.8446145489285
YC_014,3,noStress,10,32,192,33,198,0,0,0,0,0,3,127.2,192,31.8
YC_014,3,stress,16.85,53,188.724035608309,50,178.041543026706,1,1,0,0,0,5,161.067687293571,94.3620178041543,26.8446145489285
YC_014,4,noStress,10,16,96,17,102,1,1,0,0,0,3,127.2,48,31.8
YC_014,4,stress,10.27,29,169.425511197663,26,151.898734177215,1,1,0,0,0,5,161.067687293571,84.7127555988315,26.8446145489285
YC_014,5,noStress,10,33,198,28,168,1,1,0,0,0,3,127.2,99,31.8
YC_014,5,stress,5.67,14,148.148148148148,14,148.148148148148,1,1,0,0,0,5,161.067687293571,74.0740740740741,26.8446145489285
YC_016,1,noStress,10,3,18,4,24,0,0,0,0,0,3,32.4,18,8.1
YC_016,1,stress,14.61,10,41.0677618069815,11,45.1745379876797,1,0,0,1,0,5,53.128935075524,20.5338809034908,8.85482251258734
YC_016,2,noStress,10,0,0,1,6,0,0,0,0,0,3,32.4,0,8.1
YC_016,2,stress,20,49,141.891891891892,48,138.996138996139,1,0,0,1,0,5,53.128935075524,70.945945945946,8.85482251258734
YC_016,3,noStress,10,7,42,8,48,1,0,0,1,0,3,32.4,21,8.1
YC_016,3,stress,10.55,4,22.7488151658768,4,22.7488151658768,1,0,0,1,0,5,53.128935075524,11.3744075829384,8.85482251258734
YC_016,4,noStress,10,7,42,8,48,1,0,0,1,0,3,32.4,21,8.1
YC_016,4,stress,8.84,4,27.1493212669683,4,27.1493212669683,1,0,0,1,0,5,53.128935075524,13.5746606334842,8.85482251258734
YC_016,5,noStress,10,10,60,10,60,1,0,0,1,0,3,32.4,30,8.1
YC_016,5,stress,1.83,1,32.7868852459016,2,65.5737704918033,1,0,0,1,0,5,53.128935075524,16.3934426229508,8.85482251258734
YC_017,1,noStress,10,25,150,26,156,0,0,0,0,0,4,124.8,150,24.96
YC_017,1,stress,20,61,178.188899707887,58,169.425511197663,0,0,0,0,0,4,157.46746296955,178.188899707887,31.4934925939101
YC_017,2,noStress,10,7,42,8,48,1,0,0,1,0,4,124.8,21,24.96
YC_017,2,stress,4.25,4,56.4705882352941,4,56.4705882352941,1,0,0,1,0,4,157.46746296955,28.2352941176471,31.4934925939101
YC_017,3,noStress,10,13,78,13,78,1,0,0,1,0,4,124.8,39,24.96
YC_017,3,stress,8.71,24,165.327210103329,25,172.215843857635,1,0,0,1,0,4,157.46746296955,82.6636050516647,31.4934925939101
YC_017,4,noStress,10,32,192,32,192,1,0,0,1,0,4,124.8,96,24.96
YC_017,4,stress,11.86,37,187.183811129848,38,192.242833052277,1,0,1,0,0,4,157.46746296955,93.5919055649241,31.4934925939101
YC_017,5,noStress,10,27,162,21,126,1,0,1,1,0,4,124.8,81,24.96
YC_017,5,stress,11.99,40,200.166805671393,40,200.166805671393,1,1,0,1,0,4,157.46746296955,100.083402835696,31.4934925939101
YC_018,1,noStress,10,6,36,7,42,0,0,0,0,0,0,57.6,36,57.6
YC_018,1,stress,20,16,46.7608377983439,17,49.6833901607404,0,0,0,0,0,1,115.454095640388,46.7608377983439,57.7270478201942
YC_018,2,noStress,10,11,66,10,60,0,0,0,0,0,0,57.6,66,57.6
YC_018,2,stress,20,23,66.6666666666667,23,66.6666666666667,0,0,0,0,0,1,115.454095640388,66.6666666666667,57.7270478201942
YC_018,3,noStress,10,4,24,5,30,0,0,0,0,0,0,57.6,24,57.6
YC_018,3,stress,20,21,62.007874015748,22,64.9606299212599,0,0,0,0,0,1,115.454095640388,62.007874015748,57.7270478201942
YC_018,4,noStress,10,27,162,28,168,0,0,0,0,0,0,57.6,162,57.6
YC_018,4,stress,20,84,240.458015267176,70,200.381679389313,0,0,0,0,0,1,115.454095640388,240.458015267176,57.7270478201942
YC_018,5,noStress,10,0,0,1,6,0,0,0,0,0,0,57.6,0,57.6
YC_018,5,stress,18.59,50,161.377084454008,25,80.6885422270038,1,0,0,0,1,1,115.454095640388,80.6885422270038,57.7270478201942
YC_019,1,noStress,10,41,246,34,204,0,0,0,0,0,0,181.2,246,181.2
YC_019,1,stress,20,33,97.6331360946746,30,88.7573964497041,0,0,0,0,0,3,99.9499792243071,97.6331360946746,24.9874948060768
YC_019,2,noStress,10,4,24,5,30,0,0,0,0,0,0,181.2,24,181.2
YC_019,2,stress,20,3,8.89767671774592,4,11.8635689569946,0,0,0,0,0,3,99.9499792243071,8.89767671774592,24.9874948060768
YC_019,3,noStress,10,0,0,1,6,0,0,0,0,0,0,181.2,0,181.2
YC_019,3,stress,20,4,11.9284294234592,5,14.9105367793241,1,0,0,0,1,3,99.9499792243071,5.96421471172962,24.9874948060768
YC_019,4,noStress,10,47,282,47,282,0,0,0,0,0,0,181.2,282,181.2
YC_019,4,stress,16.51,78,283.464566929134,72,261.659600242277,1,1,0,0,0,3,99.9499792243071,141.732283464567,24.9874948060768
YC_019,5,noStress,10,59,354,45,270,0,0,0,0,0,0,181.2,354,181.2
YC_019,5,stress,1.84,3,97.8260869565217,4,130.434782608696,1,1,0,0,0,3,99.9499792243071,48.9130434782609,24.9874948060768
YC_020,1,noStress,10,17,102,17,102,0,0,0,0,0,0,28.8,102,28.8
YC_020,1,stress,20,7,20.5580029368576,8,23.4948604992658,0,0,0,0,0,0,4.70302493434046,20.5580029368576,4.70302493434046
YC_020,2,noStress,10,0,0,1,6,0,0,0,0,0,0,28.8,0,28.8
YC_020,2,stress,20,0,0,1,2.9296875,0,0,0,0,0,0,4.70302493434046,0,4.70302493434046
YC_020,3,noStress,10,7,42,5,30,0,0,0,0,0,0,28.8,42,28.8
YC_020,3,stress,20,1,2.95712173484475,2,5.9142434696895,0,0,0,0,0,0,4.70302493434046,2.95712173484475,4.70302493434046
YC_020,4,noStress,10,0,0,1,6,0,0,0,0,0,0,28.8,0,28.8
YC_020,4,stress,20,0,0,1,2.97619047619048,0,0,0,0,0,0,4.70302493434046,0,4.70302493434046
YC_020,5,noStress,10,0,0,1,6,0,0,0,0,0,0,28.8,0,28.8
YC_020,5,stress,20,0,0,1,2.93111871030777,0,0,0,0,0,0,4.70302493434046,0,4.70302493434046
YC_021,1,noStress,10,1,6,2,12,0,0,0,0,0,0,112.8,6,112.8
YC_021,1,stress,20,37,107.402031930334,34,98.6937590711176,0,0,0,0,0,3,123.316592333403,107.402031930334,30.8291480833508
YC_021,2,noStress,10,5,30,6,36,0,0,0,0,0,0,112.8,30,112.8
YC_021,2,stress,20,39,115.95639246779,40,118.929633300297,0,0,0,0,0,3,123.316592333403,115.95639246779,30.8291480833508
YC_021,3,noStress,10,20,120,9,54,0,0,0,0,0,0,112.8,120,112.8
YC_021,3,stress,7.71,18,140.077821011673,15,116.731517509728,1,0,0,0,1,3,123.316592333403,70.0389105058366,30.8291480833508
YC_021,4,noStress,10,37,222,29,174,0,0,0,0,0,0,112.8,222,112.8
YC_021,4,stress,18.03,69,229.617304492512,57,189.683860232945,1,0,0,0,1,3,123.316592333403,114.808652246256,30.8291480833508
YC_021,5,noStress,10,31,186,31,186,0,0,0,0,0,0,112.8,186,112.8
YC_021,5,stress,2.55,1,23.5294117647059,2,47.0588235294118,1,1,0,0,0,3,123.316592333403,11.7647058823529,30.8291480833508
YC_022,1,noStress,10,3,18,3,18,0,0,0,0,0,0,160.8,18,160.8
YC_022,1,stress,20,76,222.76502198339,74,216.902784562775,0,0,0,0,0,1,219.934211646718,222.76502198339,109.967105823359
YC_022,2,noStress,10,29,174,22,132,0,0,0,0,0,0,160.8,174,160.8
YC_022,2,stress,20,80,233.690360272639,70,204.479065238559,0,0,0,0,0,1,219.934211646718,233.690360272639,109.967105823359
YC_022,3,noStress,10,31,186,8,48,0,0,0,0,0,0,160.8,186,160.8
YC_022,3,stress,20,68,200.787401574803,35,103.346456692913,0,0,0,0,0,1,219.934211646718,200.787401574803,109.967105823359
YC_022,4,noStress,10,34,204,22,132,0,0,0,0,0,0,160.8,204,160.8
YC_022,4,stress,20,77,226.915520628684,39,114.931237721022,0,0,0,0,0,1,219.934211646718,226.915520628684,109.967105823359
YC_022,5,noStress,10,37,222,31,186,0,0,0,0,0,0,160.8,222,160.8
YC_022,5,stress,19.21,69,215.512753774076,58,181.155648099948,1,0,0,0,1,1,219.934211646718,107.756376887038,109.967105823359
YC_023,1,noStress,10,9,54,10,60,0,0,0,0,0,0,10.8,54,10.8
YC_023,1,stress,20,5,14.792899408284,6,17.7514792899408,0,0,0,0,0,0,2.9585798816568,14.792899408284,2.9585798816568
YC_023,2,noStress,10,0,0,1,6,0,0,0,0,0,0,10.8,0,10.8
YC_023,2,stress,20,0,0,1,2.9673590504451,0,0,0,0,0,0,2.9585798816568,0,2.9585798816568
YC_023,3,noStress,10,0,0,1,6,0,0,0,0,0,0,10.8,0,10.8
YC_023,3,stress,20,0,0,1,2.95712173484475,0,0,0,0,0,0,2.9585798816568,0,2.9585798816568
YC_023,4,noStress,10,0,0,1,6,0,0,0,0,0,0,10.8,0,10.8
YC_023,4,stress,20,0,0,1,2.89995166747221,0,0,0,0,0,0,2.9585798816568,0,2.9585798816568
YC_023,5,noStress,10,0,0,1,6,0,0,0,0,0,0,10.8,0,10.8
YC_023,5,stress,20,0,0,1,2.99850074962519,0,0,0,0,0,0,2.9585798816568,0,2.9585798816568
YC_024,1,noStress,10,47,282,46,276,0,0,0,0,0,4,243.6,282,48.72
YC_024,1,stress,4.34,15,207.373271889401,16,221.198156682028,1,1,0,0,0,5,70.5681455975124,103.6866359447,11.7613575995854
YC_024,2,noStress,10,47,282,43,258,1,1,0,0,0,4,243.6,141,48.72
YC_024,2,stress,3.27,2,36.697247706422,2,36.697247706422,1,1,0,0,0,5,70.5681455975124,18.348623853211,11.7613575995854
YC_024,3,noStress,10,59,354,12,72,1,1,0,0,0,4,243.6,177,48.72
YC_024,3,stress,2.32,2,51.7241379310345,2,51.7241379310345,1,1,0,0,0,5,70.5681455975124,25.8620689655172,11.7613575995854
YC_024,4,noStress,10,30,180,15,90,1,1,0,0,0,4,243.6,90,48.72
YC_024,4,stress,2.16,1,27.7777777777778,2,55.5555555555556,1,1,0,0,0,5,70.5681455975124,13.8888888888889,11.7613575995854
YC_024,5,noStress,10,20,120,13,78,1,1,0,0,0,4,243.6,60,48.72
YC_024,5,stress,2.05,1,29.2682926829268,2,58.5365853658537,1,1,0,0,0,5,70.5681455975124,14.6341463414634,11.7613575995854
YC_025,1,noStress,10,16,96,17,102,0,0,0,0,0,3,140.4,96,35.1
YC_025,1,stress,6.72,15,133.928571428571,16,142.857142857143,1,0,1,0,0,5,58.9692434710694,66.9642857142857,9.82820724517823
YC_025,2,noStress,10,38,228,39,234,0,0,0,0,0,3,140.4,228,35.1
YC_025,2,stress,3.27,5,91.743119266055,6,110.091743119266,1,1,0,0,0,5,58.9692434710694,45.8715596330275,9.82820724517823
YC_025,3,noStress,10,32,192,32,192,1,1,0,0,0,3,140.4,96,35.1
YC_025,3,stress,2.61,1,22.9885057471264,2,45.9770114942529,1,1,0,0,0,5,58.9692434710694,11.4942528735632,9.82820724517823
YC_025,4,noStress,10,17,102,18,108,1,1,0,0,0,3,140.4,51,35.1
YC_025,4,stress,5.75,2,20.8695652173913,2,20.8695652173913,1,1,0,0,0,5,58.9692434710694,10.4347826086957,9.82820724517823
YC_025,5,noStress,10,14,84,15,90,1,1,0,0,0,3,140.4,42,35.1
YC_025,5,stress,2.37,1,25.3164556962025,2,50.6329113924051,1,1,0,0,0,5,58.9692434710694,12.6582278481013,9.82820724517823
YC_026,1,noStress,10,19,114,19,114,0,0,0,0,0,0,42,114,42
YC_026,1,stress,20,25,74.0740740740741,22,65.1851851851852,0,0,0,0,0,0,36.1234110285606,74.0740740740741,36.1234110285606
YC_026,2,noStress,10,7,42,8,48,0,0,0,0,0,0,42,42,42
YC_026,2,stress,20,16,46.692607003891,17,49.6108949416342,0,0,0,0,0,0,36.1234110285606,46.692607003891,36.1234110285606
YC_026,3,noStress,10,0,0,1,6,0,0,0,0,0,0,42,0,42
YC_026,3,stress,20,0,0,1,2.95712173484475,0,0,0,0,0,0,36.1234110285606,0,36.1234110285606
YC_026,4,noStress,10,9,54,8,48,0,0,0,0,0,0,42,54,42
YC_026,4,stress,20,20,59.8503740648379,14,41.8952618453865,0,0,0,0,0,0,36.1234110285606,59.8503740648379,36.1234110285606
YC_026,5,noStress,10,0,0,1,6,0,0,0,0,0,0,42,0,42
YC_026,5,stress,20,0,0,1,2.98656047784968,0,0,0,0,0,0,36.1234110285606,0,36.1234110285606
YC_031,1,noStress,10,7,42,8,48,0,0,0,0,0,1,56.0980313750446,42,28.0490156875223
YC_031,1,stress,10,4,24,5,30,1,0,0,1,0,1,130.607837358269,12,65.3039186791345
YC_031,2,noStress,20,15,44.7538538040776,9,26.8523122824465,0,0,0,0,0,1,56.0980313750446,44.7538538040776,28.0490156875223
YC_031,2,stress,20,47,140.228741919443,42,125.310790651417,0,0,0,0,0,1,130.607837358269,140.228741919443,65.3039186791345
YC_031,3,noStress,20,21,63,22,66,0,0,0,0,0,1,56.0980313750446,63,28.0490156875223
YC_031,3,stress,20,50,150,51,153,0,0,0,0,0,1,130.607837358269,150,65.3039186791345
YC_031,4,noStress,20,23,68.0809077454366,24,71.0409472126295,0,0,0,0,0,1,56.0980313750446,68.0809077454366,28.0490156875223
YC_031,4,stress,20,56,165.762210162802,55,162.802170695609,0,0,0,0,0,1,130.607837358269,165.762210162802,65.3039186791345
YC_031,5,noStress,20,21,62.6553953257086,22,65.6389855793138,1,0,0,0,1,1,56.0980313750446,31.3276976628543,28.0490156875223
YC_031,5,stress,20,58,173.0482347091,59,176.031824962705,0,0,0,0,0,1,130.607837358269,173.0482347091,65.3039186791345
YC_033,1,noStress,20,11,32.3370896619304,11,32.3370896619304,1,0,1,1,0,1,172.067417932386,16.1685448309652,86.033708966193
YC_033,1,stress,20,41,120.529152376286,42,123.468887800098,1,0,0,1,0,5,101.037423164552,60.2645761881431,16.8395705274254
YC_033,2,noStress,10,27,162,27,162,0,0,0,0,0,1,172.067417932386,162,86.033708966193
YC_033,2,stress,10,6,36,7,42,1,1,0,0,0,5,101.037423164552,18,16.8395705274254
YC_033,3,noStress,10,38,228,38,228,0,0,0,0,0,1,172.067417932386,228,86.033708966193
YC_033,3,stress,10,5,30,6,36,1,0,0,1,0,5,101.037423164552,15,16.8395705274254
YC_033,4,noStress,10,37,222,38,228,0,0,0,0,0,1,172.067417932386,222,86.033708966193
YC_033,4,stress,10,27,162,26,156,1,0,0,0,1,5,101.037423164552,81,16.8395705274254
YC_033,5,noStress,10,36,216,30,180,0,0,0,0,0,1,172.067417932386,216,86.033708966193
YC_033,5,stress,3.83,10,156.657963446475,11,172.323759791123,1,0,0,0,1,5,101.037423164552,78.3289817232376,16.8395705274254
YC_034,1,noStress,20,3,8.93300248138958,4,11.9106699751861,0,0,0,0,0,1,11.8234649361802,8.93300248138958,5.91173246809012
YC_034,1,stress,20,5,14.8883374689826,6,17.8660049627792,0,0,0,0,0,0,30.8878877737064,14.8883374689826,30.8878877737064
YC_034,2,noStress,20,3,8.68725868725869,4,11.5830115830116,0,0,0,0,0,1,11.8234649361802,8.68725868725869,5.91173246809012
YC_034,2,stress,20,9,26.0617760617761,10,28.957528957529,0,0,0,0,0,0,30.8878877737064,26.0617760617761,30.8878877737064
YC_034,3,noStress,20,5,14.8075024679171,6,17.7690029615005,0,0,0,0,0,1,11.8234649361802,14.8075024679171,5.91173246809012
YC_034,3,stress,20,9,26.6535044422507,10,29.6150049358342,0,0,0,0,0,0,30.8878877737064,26.6535044422507,30.8878877737064
YC_034,4,noStress,20,5,14.7492625368732,5,14.7492625368732,1,0,0,0,1,1,11.8234649361802,7.37463126843658,5.91173246809012
YC_034,4,stress,10,9,54,10,60,0,0,0,0,0,0,30.8878877737064,54,30.8878877737064
YC_034,5,noStress,20,4,11.9402985074627,5,14.9253731343284,0,0,0,0,0,1,11.8234649361802,11.9402985074627,5.91173246809012
YC_034,5,stress,20,11,32.8358208955224,12,35.8208955223881,0,0,0,0,0,0,30.8878877737064,32.8358208955224,30.8878877737064